trading_symbol,side,entry,stop_loss,take_profit,position_size,risk_perc,signal_time,confidence,reason
APOLLOHOSP,BUY,7790.0,7673.6,7918.0,10,1.0,2025-10-20T03:45:00Z,0.85,"Recent Elliott wave impulse BUY, price above MA20, ATR supports SL; momentum positive."
RELIANCE,BUY,1390.0,1370.0,1419.0,25,0.5,2025-10-20T03:45:00Z,0.87,"Elliott wave 3 pullback BUY, price above MA20, ATR supports SL distance."
SUNPHARMA,SELL,1675.0,1692.0,1645.0,15,0.5,2025-10-20T03:45:00Z,0.8,"Elliott wave corrective SELL, price below MA20, ATR-based SL, momentum negative."
AXISBANK,BUY,1180.0,1160.0,1200.0,40,0.5,2025-10-20T03:45:00Z,0.82,"Elliott wave corrective BUY, price above MA20, ATR supports SL, recent momentum up."
TITAN,BUY,3570.0,3530.0,3670.0,15,0.5,2025-10-20T03:45:00Z,0.83,"Elliott wave impulse BUY, price above MA20, ATR-based SL, positive momentum."
