signal_time,side,entry,stop_loss,take_profit,rr,position_size,confidence,wave_label,note,entry_type,wave_type,confirmed,confirm_reasons,trading_symbol
2025-08-01 10:00:00+05:30,BUY,5572.0,5565.75,5584.5,2.0,16.0,0.8,1,pullback,pullback,corrective,,,EICHERMOT
2025-08-01 10:15:00+05:30,SELL,5584.5,5611.25,5531.0,2.0,3.7383177570093458,0.8,2,pullback,pullback,corrective,,,EICHERMOT
2025-08-01 11:30:00+05:30,SELL,5516.0,5611.25,5531.0,,,0.95,2,breakout,breakout,corrective,,,EICHERMOT
2025-08-01 11:00:00+05:30,BUY,5531.0,5528.25,5536.5,2.0,36.36363636363637,0.8,3,pullback,pullback,corrective,,,EICHERMOT
2025-08-01 12:15:00+05:30,BUY,5553.5,5528.25,5536.5,,,0.95,3,breakout,breakout,corrective,,,EICHERMOT
2025-08-01 11:15:00+05:30,SELL,5536.5,5546.75,5516.0,2.0,9.75609756097561,0.8,4,pullback,pullback,corrective,,,EICHERMOT
2025-08-01 11:30:00+05:30,BUY,5516.0,5497.25,5553.5,2.0,5.333333333333333,0.8,5,pullback,pullback,corrective,,,EICHERMOT
2025-08-01 12:45:00+05:30,BUY,5587.0,5497.25,5553.5,,,0.95,5,breakout,breakout,corrective,,,EICHERMOT
2025-08-01 12:15:00+05:30,SELL,5553.5,5559.5,5541.5,2.0,16.666666666666668,0.8,6,pullback,pullback,corrective,,,EICHERMOT
2025-08-01 12:30:00+05:30,BUY,5541.5,5507.75,5609.0,2.0,2.962962962962963,0.8,7,pullback,pullback,corrective,,,EICHERMOT
2025-08-01 13:15:00+05:30,SELL,5609.0,5654.25,5518.5,2.0,2.2099447513812156,0.8,8,pullback,pullback,corrective,,,EICHERMOT
2025-08-01 14:30:00+05:30,BUY,5518.5,5508.0,5539.5,2.0,9.523809523809524,0.8,9,pullback,pullback,corrective,,,EICHERMOT
2025-08-04 09:15:00+05:30,BUY,5597.0,5508.0,5539.5,,,0.95,9,breakout,breakout,corrective,,,EICHERMOT
2025-08-01 14:45:00+05:30,SELL,5539.5,5550.25,5518.0,2.0,9.30232558139535,0.8,10,pullback,pullback,corrective,,,EICHERMOT
2025-08-01 15:15:00+05:30,BUY,5518.0,5469.0,5616.0,2.0,2.0408163265306123,0.8,11,pullback,pullback,corrective,,,EICHERMOT
2025-08-04 09:30:00+05:30,SELL,5616.0,5624.0,5600.0,2.0,12.5,0.8,12,pullback,pullback,corrective,,,EICHERMOT
2025-08-04 10:30:00+05:30,SELL,5586.0,5624.0,5600.0,,,0.95,12,breakout,breakout,corrective,,,EICHERMOT
2025-08-04 09:45:00+05:30,BUY,5600.0,5598.25,5603.5,2.0,57.142857142857146,0.8,13,pullback,pullback,corrective,,,EICHERMOT
2025-08-04 11:00:00+05:30,BUY,5625.0,5598.25,5603.5,,,0.95,13,breakout,breakout,corrective,,,EICHERMOT
2025-08-04 10:00:00+05:30,SELL,5603.5,5612.25,5586.0,2.0,11.428571428571429,0.8,14,pullback,pullback,corrective,,,EICHERMOT
2025-08-04 10:30:00+05:30,BUY,5586.0,5549.5,5659.0,2.0,2.73972602739726,0.8,15,pullback,pullback,corrective,,,EICHERMOT
2025-08-04 11:45:00+05:30,SELL,5659.0,5664.75,5647.5,2.0,17.391304347826086,0.8,16,pullback,pullback,corrective,,,EICHERMOT
2025-08-04 12:30:00+05:30,SELL,5645.0,5664.75,5647.5,,,0.95,16,breakout,breakout,corrective,,,EICHERMOT
2025-08-04 12:00:00+05:30,BUY,5647.5,5647.25,5648.0,2.0,400.0,0.8,17,pullback,pullback,corrective,,,EICHERMOT
2025-08-04 12:15:00+05:30,SELL,5648.0,5649.5,5645.0,2.0,66.66666666666667,0.8,18,pullback,pullback,corrective,,,EICHERMOT
2025-08-04 13:00:00+05:30,SELL,5643.0,5649.5,5645.0,,,0.95,18,breakout,breakout,corrective,,,EICHERMOT
2025-08-04 12:30:00+05:30,BUY,5645.0,5643.75,5647.5,2.0,80.0,0.8,19,pullback,pullback,corrective,,,EICHERMOT
2025-08-04 12:45:00+05:30,SELL,5647.5,5658.25,5626.0,2.0,9.30232558139535,0.8,20,pullback,pullback,corrective,,,EICHERMOT
2025-08-04 13:15:00+05:30,BUY,5626.0,5621.0,5636.0,2.0,20.0,0.8,21,pullback,pullback,corrective,,,EICHERMOT
2025-08-04 13:30:00+05:30,SELL,5636.0,5645.75,5616.5,2.0,10.256410256410257,0.8,22,pullback,pullback,corrective,,,EICHERMOT
2025-08-04 14:30:00+05:30,BUY,5616.5,5609.25,5631.0,2.0,13.793103448275861,0.8,23,pullback,pullback,corrective,,,EICHERMOT
2025-08-04 15:00:00+05:30,SELL,5631.0,5641.0,5611.0,2.0,10.0,0.8,24,pullback,pullback,corrective,,,EICHERMOT
2025-08-05 10:00:00+05:30,SELL,5607.5,5641.0,5611.0,,,0.95,24,breakout,breakout,corrective,,,EICHERMOT
2025-08-05 09:15:00+05:30,BUY,5611.0,5602.0,5629.0,2.0,11.11111111111111,0.8,25,pullback,pullback,corrective,,,EICHERMOT
2025-08-05 09:30:00+05:30,SELL,5629.0,5640.25,5606.5,2.0,8.88888888888889,0.8,26,pullback,pullback,corrective,,,EICHERMOT
2025-08-05 10:15:00+05:30,BUY,5606.5,5584.75,5650.0,2.0,4.597701149425287,0.8,27,pullback,pullback,corrective,,,EICHERMOT
2025-08-05 11:00:00+05:30,SELL,5650.0,5663.5,5623.0,2.0,7.407407407407407,0.8,28,pullback,pullback,corrective,,,EICHERMOT
2025-08-05 11:30:00+05:30,BUY,5623.0,5609.0,5651.0,2.0,7.142857142857143,0.8,29,pullback,pullback,corrective,,,EICHERMOT
2025-08-05 12:15:00+05:30,SELL,5651.0,5652.25,5648.5,2.0,80.0,0.8,30,pullback,pullback,corrective,,,EICHERMOT
2025-08-05 13:15:00+05:30,SELL,5638.0,5652.25,5648.5,,,0.95,30,breakout,breakout,corrective,,,EICHERMOT
2025-08-05 12:45:00+05:30,BUY,5648.5,5648.0,5649.5,2.0,200.0,0.8,31,pullback,pullback,corrective,,,EICHERMOT
2025-08-05 13:45:00+05:30,BUY,5666.0,5648.0,5649.5,,,0.95,31,breakout,breakout,corrective,,,EICHERMOT
2025-08-05 13:00:00+05:30,SELL,5649.5,5655.25,5638.0,2.0,17.391304347826086,0.8,32,pullback,pullback,corrective,,,EICHERMOT
2025-08-05 13:15:00+05:30,BUY,5638.0,5624.0,5666.0,2.0,7.142857142857143,0.8,33,pullback,pullback,corrective,,,EICHERMOT
2025-08-05 14:15:00+05:30,BUY,5670.5,5624.0,5666.0,,,0.95,33,breakout,breakout,corrective,,,EICHERMOT
2025-08-05 13:45:00+05:30,SELL,5666.0,5668.25,5661.5,2.0,44.44444444444444,0.8,34,pullback,pullback,corrective,,,EICHERMOT
2025-08-05 14:00:00+05:30,BUY,5661.5,5657.0,5670.5,2.0,22.22222222222222,0.8,35,pullback,pullback,corrective,,,EICHERMOT
2025-08-05 15:00:00+05:30,BUY,5680.5,5657.0,5670.5,,,0.95,35,breakout,breakout,corrective,,,EICHERMOT
2025-08-05 14:15:00+05:30,SELL,5670.5,5671.75,5668.0,2.0,80.0,0.8,36,pullback,pullback,corrective,,,EICHERMOT
2025-08-05 14:45:00+05:30,BUY,5668.0,5660.0,5684.0,2.0,12.5,0.8,37,pullback,pullback,corrective,,,EICHERMOT
2025-08-06 09:30:00+05:30,BUY,5686.5,5660.0,5684.0,,,0.95,37,breakout,breakout,corrective,,,EICHERMOT
2025-08-05 15:15:00+05:30,SELL,5684.0,5686.5,5679.0,2.0,40.0,0.8,38,pullback,pullback,corrective,,,EICHERMOT
2025-08-06 10:00:00+05:30,SELL,5674.0,5686.5,5679.0,,,0.95,38,breakout,breakout,corrective,,,EICHERMOT
2025-08-06 09:15:00+05:30,BUY,5679.0,5675.25,5686.5,2.0,26.666666666666668,0.8,39,pullback,pullback,corrective,,,EICHERMOT
2025-08-06 09:30:00+05:30,SELL,5686.5,5692.75,5674.0,2.0,16.0,0.8,40,pullback,pullback,corrective,,,EICHERMOT
2025-08-06 10:45:00+05:30,SELL,5673.0,5692.75,5674.0,,,0.95,40,breakout,breakout,corrective,,,EICHERMOT
2025-08-06 10:00:00+05:30,BUY,5674.0,5668.0,5686.0,2.0,16.666666666666668,0.8,41,pullback,pullback,corrective,,,EICHERMOT
2025-08-06 10:15:00+05:30,SELL,5686.0,5692.5,5673.0,2.0,15.384615384615385,0.8,42,pullback,pullback,corrective,,,EICHERMOT
2025-08-06 10:45:00+05:30,BUY,5673.0,5668.5,5682.0,2.0,22.22222222222222,0.8,43,pullback,pullback,corrective,,,EICHERMOT
2025-08-06 11:45:00+05:30,BUY,5683.5,5668.5,5682.0,,,0.95,43,breakout,breakout,corrective,,,EICHERMOT
2025-08-06 11:00:00+05:30,SELL,5682.0,5683.75,5678.5,2.0,57.142857142857146,0.8,44,pullback,pullback,corrective,,,EICHERMOT
2025-08-06 11:15:00+05:30,BUY,5678.5,5678.25,5679.0,2.0,400.0,0.8,45,pullback,pullback,corrective,,,EICHERMOT
2025-08-06 11:30:00+05:30,BUY,5681.0,5678.25,5679.0,,,0.95,45,breakout,breakout,corrective,,,EICHERMOT
2025-08-06 12:45:00+05:30,BUY,5678.0,5677.5,5679.0,2.0,200.0,0.8,46,pullback,pullback,corrective,,,EICHERMOT
2025-08-06 13:00:00+05:30,SELL,5679.0,5684.5,5668.0,2.0,18.181818181818183,0.8,47,pullback,pullback,corrective,,,EICHERMOT
2025-08-06 14:15:00+05:30,SELL,5664.0,5684.5,5668.0,,,0.95,47,breakout,breakout,corrective,,,EICHERMOT
2025-08-06 13:45:00+05:30,BUY,5668.0,5666.75,5670.5,2.0,80.0,0.8,48,pullback,pullback,corrective,,,EICHERMOT
2025-08-06 14:45:00+05:30,BUY,5673.0,5666.75,5670.5,,,0.95,48,breakout,breakout,corrective,,,EICHERMOT
2025-08-06 14:00:00+05:30,SELL,5670.5,5673.75,5664.0,2.0,30.76923076923077,0.8,49,pullback,pullback,corrective,,,EICHERMOT
2025-08-06 14:15:00+05:30,BUY,5664.0,5659.5,5673.0,2.0,22.22222222222222,0.8,50,pullback,pullback,corrective,,,EICHERMOT
2025-08-06 14:45:00+05:30,SELL,5673.0,5676.75,5665.5,2.0,26.666666666666668,0.8,51,pullback,pullback,corrective,,,EICHERMOT
2025-08-07 09:30:00+05:30,SELL,5664.0,5676.75,5665.5,,,0.95,51,breakout,breakout,corrective,,,EICHERMOT
2025-08-06 15:15:00+05:30,BUY,5665.5,5664.5,5667.5,2.0,100.0,0.8,52,pullback,pullback,corrective,,,EICHERMOT
2025-08-07 09:15:00+05:30,SELL,5667.5,5694.25,5614.0,2.0,3.7383177570093458,0.8,53,pullback,pullback,corrective,,,EICHERMOT
2025-08-07 10:15:00+05:30,BUY,5614.0,5611.25,5619.5,2.0,36.36363636363637,0.8,54,pullback,pullback,corrective,,,EICHERMOT
2025-08-07 10:30:00+05:30,SELL,5619.5,5628.5,5601.5,2.0,11.11111111111111,0.8,55,pullback,pullback,corrective,,,EICHERMOT
2025-08-07 11:30:00+05:30,SELL,5601.0,5628.5,5601.5,,,0.95,55,breakout,breakout,corrective,,,EICHERMOT
2025-08-07 11:00:00+05:30,BUY,5601.5,5597.5,5609.5,2.0,25.0,0.8,56,pullback,pullback,corrective,,,EICHERMOT
2025-08-07 12:00:00+05:30,BUY,5622.0,5597.5,5609.5,,,0.95,56,breakout,breakout,corrective,,,EICHERMOT
2025-08-07 11:15:00+05:30,SELL,5609.5,5617.25,5594.0,2.0,12.903225806451612,0.8,57,pullback,pullback,corrective,,,EICHERMOT
2025-08-07 11:45:00+05:30,BUY,5594.0,5580.0,5622.0,2.0,7.142857142857143,0.8,58,pullback,pullback,corrective,,,EICHERMOT
2025-08-07 12:00:00+05:30,SELL,5622.0,5635.25,5595.5,2.0,7.547169811320755,0.8,59,pullback,pullback,corrective,,,EICHERMOT
2025-08-07 13:15:00+05:30,SELL,5594.5,5635.25,5595.5,,,0.95,59,breakout,breakout,corrective,,,EICHERMOT
2025-08-07 12:30:00+05:30,BUY,5595.5,5593.25,5600.0,2.0,44.44444444444444,0.8,60,pullback,pullback,corrective,,,EICHERMOT
2025-08-07 13:30:00+05:30,BUY,5602.5,5593.25,5600.0,,,0.95,60,breakout,breakout,corrective,,,EICHERMOT
2025-08-07 12:45:00+05:30,SELL,5600.0,5602.75,5594.5,2.0,36.36363636363637,0.8,61,pullback,pullback,corrective,,,EICHERMOT
2025-08-07 13:15:00+05:30,BUY,5594.5,5549.25,5685.0,2.0,2.2099447513812156,0.8,62,pullback,pullback,corrective,,,EICHERMOT
2025-08-07 15:00:00+05:30,SELL,5685.0,5689.25,5676.5,2.0,23.529411764705884,0.8,63,pullback,pullback,corrective,,,EICHERMOT
2025-08-08 09:45:00+05:30,SELL,5672.5,5689.25,5676.5,,,0.95,63,breakout,breakout,corrective,,,EICHERMOT
2025-08-07 15:15:00+05:30,BUY,5676.5,5665.75,5698.0,2.0,9.30232558139535,0.8,64,pullback,pullback,corrective,,,EICHERMOT
2025-08-08 09:15:00+05:30,SELL,5698.0,5710.75,5672.5,2.0,7.8431372549019605,0.8,65,pullback,pullback,corrective,,,EICHERMOT
2025-08-08 09:45:00+05:30,BUY,5672.5,5665.0,5687.5,2.0,13.333333333333334,0.8,66,pullback,pullback,corrective,,,EICHERMOT
2025-08-08 10:45:00+05:30,SELL,5687.5,5693.25,5676.0,2.0,17.391304347826086,0.8,67,pullback,pullback,corrective,,,EICHERMOT
2025-08-08 11:30:00+05:30,BUY,5676.0,5662.25,5703.5,2.0,7.2727272727272725,0.8,68,pullback,pullback,corrective,,,EICHERMOT
2025-08-08 12:15:00+05:30,SELL,5703.5,5719.25,5672.0,2.0,6.349206349206349,0.8,69,pullback,pullback,corrective,,,EICHERMOT
2025-08-08 13:45:00+05:30,BUY,5672.0,5671.25,5673.5,2.0,133.33333333333334,0.8,70,pullback,pullback,corrective,,,EICHERMOT
2025-08-08 14:00:00+05:30,SELL,5673.5,5681.25,5658.0,2.0,12.903225806451612,0.8,71,pullback,pullback,corrective,,,EICHERMOT
2025-08-08 15:00:00+05:30,BUY,5658.0,5643.25,5687.5,2.0,6.779661016949152,0.8,72,pullback,pullback,corrective,,,EICHERMOT
2025-08-11 10:00:00+05:30,SELL,5687.5,5689.0,5684.5,2.0,66.66666666666667,0.8,73,pullback,pullback,corrective,,,EICHERMOT
2025-08-11 10:45:00+05:30,SELL,5680.0,5689.0,5684.5,,,0.95,73,breakout,breakout,corrective,,,EICHERMOT
2025-08-11 10:15:00+05:30,BUY,5684.5,5682.0,5689.5,2.0,40.0,0.8,74,pullback,pullback,corrective,,,EICHERMOT
2025-08-11 10:30:00+05:30,SELL,5689.5,5704.25,5660.0,2.0,6.779661016949152,0.8,75,pullback,pullback,corrective,,,EICHERMOT
2025-08-11 11:30:00+05:30,BUY,5660.0,5658.0,5664.0,2.0,50.0,0.8,76,pullback,pullback,corrective,,,EICHERMOT
2025-08-11 12:15:00+05:30,BUY,5686.5,5658.0,5664.0,,,0.95,76,breakout,breakout,corrective,,,EICHERMOT
2025-08-11 11:45:00+05:30,SELL,5664.0,5664.5,5663.0,2.0,200.0,0.8,77,pullback,pullback,corrective,,,EICHERMOT
2025-08-11 12:00:00+05:30,BUY,5663.0,5644.5,5700.0,2.0,5.405405405405405,0.8,78,pullback,pullback,corrective,,,EICHERMOT
2025-08-11 12:30:00+05:30,SELL,5700.0,5712.75,5674.5,2.0,7.8431372549019605,0.8,79,pullback,pullback,corrective,,,EICHERMOT
2025-08-11 13:45:00+05:30,SELL,5673.0,5712.75,5674.5,,,0.95,79,breakout,breakout,corrective,,,EICHERMOT
2025-08-11 13:15:00+05:30,BUY,5674.5,5674.0,5675.5,2.0,200.0,0.8,80,pullback,pullback,corrective,,,EICHERMOT
2025-08-11 14:00:00+05:30,BUY,5680.0,5674.0,5675.5,,,0.95,80,breakout,breakout,corrective,,,EICHERMOT
2025-08-11 13:30:00+05:30,SELL,5675.5,5676.75,5673.0,2.0,80.0,0.8,81,pullback,pullback,corrective,,,EICHERMOT
2025-08-11 14:30:00+05:30,SELL,5672.0,5676.75,5673.0,,,0.95,81,breakout,breakout,corrective,,,EICHERMOT
2025-08-11 13:45:00+05:30,BUY,5673.0,5669.5,5680.0,2.0,28.571428571428573,0.8,82,pullback,pullback,corrective,,,EICHERMOT
2025-08-11 14:00:00+05:30,SELL,5680.0,5684.0,5672.0,2.0,25.0,0.8,83,pullback,pullback,corrective,,,EICHERMOT
2025-08-11 15:00:00+05:30,SELL,5669.0,5684.0,5672.0,,,0.95,83,breakout,breakout,corrective,,,EICHERMOT
2025-08-11 14:30:00+05:30,BUY,5672.0,5669.5,5677.0,2.0,40.0,0.8,84,pullback,pullback,corrective,,,EICHERMOT
2025-08-11 15:15:00+05:30,BUY,5678.5,5669.5,5677.0,,,0.95,84,breakout,breakout,corrective,,,EICHERMOT
2025-08-11 14:45:00+05:30,SELL,5677.0,5681.0,5669.0,2.0,25.0,0.8,85,pullback,pullback,corrective,,,EICHERMOT
2025-08-12 09:15:00+05:30,SELL,5648.5,5681.0,5669.0,,,0.95,85,breakout,breakout,corrective,,,EICHERMOT
2025-08-11 15:00:00+05:30,BUY,5669.0,5664.25,5678.5,2.0,21.05263157894737,0.8,86,pullback,pullback,corrective,,,EICHERMOT
2025-08-11 15:15:00+05:30,SELL,5678.5,5693.5,5648.5,2.0,6.666666666666667,0.8,87,pullback,pullback,corrective,,,EICHERMOT
2025-08-12 09:15:00+05:30,BUY,5648.5,5637.75,5670.0,2.0,9.30232558139535,0.8,88,pullback,pullback,corrective,,,EICHERMOT
2025-08-12 09:45:00+05:30,SELL,5670.0,5675.75,5658.5,2.0,17.391304347826086,0.8,89,pullback,pullback,corrective,,,EICHERMOT
2025-08-12 11:00:00+05:30,SELL,5651.0,5675.75,5658.5,,,0.95,89,breakout,breakout,corrective,,,EICHERMOT
2025-08-12 10:00:00+05:30,BUY,5658.5,5654.0,5667.5,2.0,22.22222222222222,0.8,90,pullback,pullback,corrective,,,EICHERMOT
2025-08-12 10:30:00+05:30,SELL,5667.5,5675.75,5651.0,2.0,12.121212121212121,0.8,91,pullback,pullback,corrective,,,EICHERMOT
2025-08-12 11:00:00+05:30,BUY,5651.0,5640.0,5673.0,2.0,9.090909090909092,0.8,92,pullback,pullback,corrective,,,EICHERMOT
2025-08-12 11:45:00+05:30,SELL,5673.0,5677.0,5665.0,2.0,25.0,0.8,93,pullback,pullback,corrective,,,EICHERMOT
2025-08-12 12:00:00+05:30,BUY,5665.0,5662.5,5670.0,2.0,40.0,0.8,94,pullback,pullback,corrective,,,EICHERMOT
2025-08-12 12:45:00+05:30,BUY,5683.5,5662.5,5670.0,,,0.95,94,breakout,breakout,corrective,,,EICHERMOT
2025-08-12 12:15:00+05:30,SELL,5670.0,5670.5,5669.0,2.0,200.0,0.8,95,pullback,pullback,corrective,,,EICHERMOT
2025-08-12 12:30:00+05:30,BUY,5669.0,5661.75,5683.5,2.0,13.793103448275861,0.8,96,pullback,pullback,corrective,,,EICHERMOT
2025-08-12 12:45:00+05:30,SELL,5683.5,5697.75,5655.0,2.0,7.017543859649122,0.8,97,pullback,pullback,corrective,,,EICHERMOT
2025-08-12 13:45:00+05:30,SELL,5679.5,5691.75,5655.0,2.0,8.16326530612245,0.8,98,pullback,pullback,corrective,,,EICHERMOT
2025-08-13 09:15:00+05:30,BUY,5655.0,5610.75,5743.5,2.0,2.2598870056497176,0.8,99,pullback,pullback,corrective,,,EICHERMOT
2025-08-13 10:15:00+05:30,SELL,5743.5,5746.5,5737.5,2.0,33.333333333333336,0.8,100,pullback,pullback,corrective,,,EICHERMOT
2025-08-13 11:15:00+05:30,SELL,5727.0,5746.5,5737.5,,,0.95,100,breakout,breakout,corrective,,,EICHERMOT
2025-08-13 10:45:00+05:30,BUY,5737.5,5734.25,5744.0,2.0,30.76923076923077,0.8,101,pullback,pullback,corrective,,,EICHERMOT
2025-08-13 11:00:00+05:30,SELL,5744.0,5752.5,5727.0,2.0,11.764705882352942,0.8,102,pullback,pullback,corrective,,,EICHERMOT
2025-08-13 11:45:00+05:30,SELL,5726.5,5752.5,5727.0,,,0.95,102,breakout,breakout,corrective,,,EICHERMOT
2025-08-13 11:15:00+05:30,BUY,5727.0,5726.75,5727.5,2.0,400.0,0.8,103,pullback,pullback,corrective,,,EICHERMOT
2025-08-13 11:30:00+05:30,SELL,5727.5,5741.75,5699.0,2.0,7.017543859649122,0.8,104,pullback,pullback,corrective,,,EICHERMOT
2025-08-13 12:15:00+05:30,BUY,5699.0,5695.0,5707.0,2.0,25.0,0.8,105,pullback,pullback,corrective,,,EICHERMOT
2025-08-13 13:00:00+05:30,BUY,5713.0,5695.0,5707.0,,,0.95,105,breakout,breakout,corrective,,,EICHERMOT
2025-08-13 12:30:00+05:30,SELL,5707.0,5707.25,5706.5,2.0,400.0,0.8,106,pullback,pullback,corrective,,,EICHERMOT
2025-08-13 12:45:00+05:30,BUY,5706.5,5703.25,5713.0,2.0,30.76923076923077,0.8,107,pullback,pullback,corrective,,,EICHERMOT
2025-08-13 13:45:00+05:30,BUY,5718.5,5703.25,5713.0,,,0.95,107,breakout,breakout,corrective,,,EICHERMOT
2025-08-13 13:00:00+05:30,SELL,5713.0,5713.5,5712.0,2.0,200.0,0.8,108,pullback,pullback,corrective,,,EICHERMOT
2025-08-13 13:30:00+05:30,BUY,5712.0,5700.25,5735.5,2.0,8.51063829787234,0.8,109,pullback,pullback,corrective,,,EICHERMOT
2025-08-13 14:00:00+05:30,SELL,5735.5,5737.75,5731.0,2.0,44.44444444444444,0.8,110,pullback,pullback,corrective,,,EICHERMOT
2025-08-13 15:00:00+05:30,SELL,5716.5,5737.75,5731.0,,,0.95,110,breakout,breakout,corrective,,,EICHERMOT
2025-08-13 14:30:00+05:30,BUY,5731.0,5730.0,5733.0,2.0,100.0,0.8,111,pullback,pullback,corrective,,,EICHERMOT
2025-08-14 09:30:00+05:30,BUY,5733.5,5730.0,5733.0,,,0.95,111,breakout,breakout,corrective,,,EICHERMOT
2025-08-13 14:45:00+05:30,SELL,5733.0,5744.5,5710.0,2.0,8.695652173913043,0.8,112,pullback,pullback,corrective,,,EICHERMOT
2025-08-13 15:15:00+05:30,BUY,5710.0,5697.5,5735.0,2.0,8.0,0.8,113,pullback,pullback,corrective,,,EICHERMOT
2025-08-14 10:15:00+05:30,BUY,5738.5,5697.5,5735.0,,,0.95,113,breakout,breakout,corrective,,,EICHERMOT
2025-08-14 09:45:00+05:30,SELL,5735.0,5737.0,5731.0,2.0,50.0,0.8,114,pullback,pullback,corrective,,,EICHERMOT
2025-08-14 10:45:00+05:30,SELL,5728.0,5737.0,5731.0,,,0.95,114,breakout,breakout,corrective,,,EICHERMOT
2025-08-14 10:00:00+05:30,BUY,5731.0,5727.25,5738.5,2.0,26.666666666666668,0.8,115,pullback,pullback,corrective,,,EICHERMOT
2025-08-14 10:15:00+05:30,SELL,5738.5,5743.75,5728.0,2.0,19.047619047619047,0.8,116,pullback,pullback,corrective,,,EICHERMOT
2025-08-14 11:15:00+05:30,SELL,5726.0,5743.75,5728.0,,,0.95,116,breakout,breakout,corrective,,,EICHERMOT
2025-08-14 10:45:00+05:30,BUY,5728.0,5727.75,5728.5,2.0,400.0,0.8,117,pullback,pullback,corrective,,,EICHERMOT
2025-08-14 11:45:00+05:30,BUY,5739.0,5727.75,5728.5,,,0.95,117,breakout,breakout,corrective,,,EICHERMOT
2025-08-14 11:00:00+05:30,SELL,5728.5,5729.75,5726.0,2.0,80.0,0.8,118,pullback,pullback,corrective,,,EICHERMOT
2025-08-14 11:15:00+05:30,BUY,5726.0,5719.5,5739.0,2.0,15.384615384615385,0.8,119,pullback,pullback,corrective,,,EICHERMOT
2025-08-14 12:15:00+05:30,BUY,5752.5,5719.5,5739.0,,,0.95,119,breakout,breakout,corrective,,,EICHERMOT
2025-08-14 11:45:00+05:30,SELL,5739.0,5739.5,5738.0,2.0,200.0,0.8,120,pullback,pullback,corrective,,,EICHERMOT
2025-08-14 12:00:00+05:30,BUY,5738.0,5730.75,5752.5,2.0,13.793103448275861,0.8,121,pullback,pullback,corrective,,,EICHERMOT
2025-08-14 12:45:00+05:30,BUY,5779.5,5730.75,5752.5,,,0.95,121,breakout,breakout,corrective,,,EICHERMOT
2025-08-14 12:15:00+05:30,SELL,5752.5,5753.75,5750.0,2.0,80.0,0.8,122,pullback,pullback,corrective,,,EICHERMOT
2025-08-14 12:30:00+05:30,BUY,5750.0,5740.5,5769.0,2.0,10.526315789473685,0.8,123,pullback,pullback,corrective,,,EICHERMOT
2025-08-14 13:30:00+05:30,BUY,5763.5,5760.75,5769.0,2.0,36.36363636363637,0.8,124,pullback,pullback,corrective,,,EICHERMOT
2025-08-14 14:00:00+05:30,SELL,5769.0,5773.0,5761.0,2.0,25.0,0.8,125,pullback,pullback,corrective,,,EICHERMOT
2025-08-14 15:15:00+05:30,SELL,5746.5,5773.0,5761.0,,,0.95,125,breakout,breakout,corrective,,,EICHERMOT
2025-08-14 14:45:00+05:30,BUY,5761.0,5758.25,5766.5,2.0,36.36363636363637,0.8,126,pullback,pullback,corrective,,,EICHERMOT
2025-08-18 09:15:00+05:30,BUY,5933.0,5758.25,5766.5,,,0.95,126,breakout,breakout,corrective,,,EICHERMOT
2025-08-14 15:00:00+05:30,SELL,5766.5,5776.5,5746.5,2.0,10.0,0.8,127,pullback,pullback,corrective,,,EICHERMOT
2025-08-14 15:15:00+05:30,BUY,5746.5,5623.5,5992.5,2.0,0.8130081300813008,0.8,128,pullback,pullback,impulse,,,EICHERMOT
2025-08-18 10:15:00+05:30,BUY,5995.0,5623.5,5992.5,,,0.95,128,breakout,breakout,impulse,,,EICHERMOT
2025-08-18 09:45:00+05:30,SELL,5992.5,5995.75,5986.0,2.0,30.76923076923077,0.8,129,pullback,pullback,corrective,,,EICHERMOT
2025-08-18 10:30:00+05:30,SELL,5980.5,5995.75,5986.0,,,0.95,129,breakout,breakout,corrective,,,EICHERMOT
2025-08-18 10:00:00+05:30,BUY,5986.0,5981.5,5995.0,2.0,22.22222222222222,0.8,130,pullback,pullback,corrective,,,EICHERMOT
2025-08-18 10:15:00+05:30,SELL,5995.0,6019.5,5946.0,2.0,4.081632653061225,0.8,131,pullback,pullback,corrective,,,EICHERMOT
2025-08-18 11:00:00+05:30,BUY,5946.0,5944.5,5949.0,2.0,66.66666666666667,0.8,132,pullback,pullback,corrective,,,EICHERMOT
2025-08-18 11:30:00+05:30,SELL,5949.0,5968.5,5910.0,2.0,5.128205128205129,0.8,133,pullback,pullback,corrective,,,EICHERMOT
2025-08-18 12:15:00+05:30,BUY,5910.0,5895.25,5939.5,2.0,6.779661016949152,0.8,134,pullback,pullback,corrective,,,EICHERMOT
2025-08-18 12:30:00+05:30,SELL,5939.5,5945.75,5927.0,2.0,16.0,0.8,135,pullback,pullback,corrective,,,EICHERMOT
2025-08-18 13:15:00+05:30,SELL,5918.5,5945.75,5927.0,,,0.95,135,breakout,breakout,corrective,,,EICHERMOT
2025-08-18 12:45:00+05:30,BUY,5927.0,5924.75,5931.5,2.0,44.44444444444444,0.8,136,pullback,pullback,corrective,,,EICHERMOT
2025-08-18 13:00:00+05:30,SELL,5931.5,5938.0,5918.5,2.0,15.384615384615385,0.8,137,pullback,pullback,corrective,,,EICHERMOT
2025-08-18 13:15:00+05:30,BUY,5918.5,5912.75,5930.0,2.0,17.391304347826086,0.8,138,pullback,pullback,corrective,,,EICHERMOT
2025-08-18 13:30:00+05:30,SELL,5930.0,5933.25,5923.5,2.0,30.76923076923077,0.8,139,pullback,pullback,corrective,,,EICHERMOT
2025-08-18 14:30:00+05:30,SELL,5918.0,5933.25,5923.5,,,0.95,139,breakout,breakout,corrective,,,EICHERMOT
2025-08-18 13:45:00+05:30,BUY,5923.5,5920.25,5930.0,2.0,30.76923076923077,0.8,140,pullback,pullback,corrective,,,EICHERMOT
2025-08-18 14:00:00+05:30,SELL,5930.0,5940.0,5910.0,2.0,10.0,0.8,141,pullback,pullback,corrective,,,EICHERMOT
2025-08-18 15:00:00+05:30,BUY,5910.0,5889.0,5952.0,2.0,4.761904761904762,0.8,142,pullback,pullback,corrective,,,EICHERMOT
2025-08-19 09:45:00+05:30,BUY,5967.5,5889.0,5952.0,,,0.95,142,breakout,breakout,corrective,,,EICHERMOT
2025-08-19 09:15:00+05:30,SELL,5952.0,5959.5,5937.0,2.0,13.333333333333334,0.8,143,pullback,pullback,corrective,,,EICHERMOT
2025-08-19 09:30:00+05:30,BUY,5937.0,5910.5,5990.0,2.0,3.7735849056603774,0.8,144,pullback,pullback,corrective,,,EICHERMOT
2025-08-19 10:45:00+05:30,SELL,5990.0,6005.5,5959.0,2.0,6.451612903225806,0.8,145,pullback,pullback,corrective,,,EICHERMOT
2025-08-19 11:15:00+05:30,BUY,5959.0,5946.5,5984.0,2.0,8.0,0.8,146,pullback,pullback,corrective,,,EICHERMOT
2025-08-19 12:00:00+05:30,SELL,5984.0,5991.25,5969.5,2.0,13.793103448275861,0.8,147,pullback,pullback,corrective,,,EICHERMOT
2025-08-19 12:45:00+05:30,SELL,5967.0,5991.25,5969.5,,,0.95,147,breakout,breakout,corrective,,,EICHERMOT
2025-08-19 12:15:00+05:30,BUY,5969.5,5965.5,5977.5,2.0,25.0,0.8,148,pullback,pullback,corrective,,,EICHERMOT
2025-08-19 12:30:00+05:30,SELL,5977.5,5982.75,5967.0,2.0,19.047619047619047,0.8,149,pullback,pullback,corrective,,,EICHERMOT
2025-08-19 13:15:00+05:30,SELL,5959.5,5982.75,5967.0,,,0.95,149,breakout,breakout,corrective,,,EICHERMOT
2025-08-19 12:45:00+05:30,BUY,5967.0,5966.75,5967.5,2.0,400.0,0.8,150,pullback,pullback,corrective,,,EICHERMOT
2025-08-19 13:00:00+05:30,SELL,5967.5,5977.25,5948.0,2.0,10.256410256410257,0.8,151,pullback,pullback,corrective,,,EICHERMOT
2025-08-19 14:00:00+05:30,BUY,5948.0,5946.5,5951.0,2.0,66.66666666666667,0.8,152,pullback,pullback,corrective,,,EICHERMOT
2025-08-19 14:15:00+05:30,SELL,5951.0,5958.5,5936.0,2.0,13.333333333333334,0.8,153,pullback,pullback,corrective,,,EICHERMOT
2025-08-19 15:15:00+05:30,BUY,5936.0,5932.0,5944.0,2.0,25.0,0.8,154,pullback,pullback,corrective,,,EICHERMOT
2025-08-20 09:15:00+05:30,SELL,5944.0,5961.5,5909.0,2.0,5.714285714285714,0.8,155,pullback,pullback,corrective,,,EICHERMOT
2025-08-20 09:45:00+05:30,BUY,5909.0,5902.75,5921.5,2.0,16.0,0.8,156,pullback,pullback,corrective,,,EICHERMOT
2025-08-20 11:00:00+05:30,BUY,5934.0,5902.75,5921.5,,,0.95,156,breakout,breakout,corrective,,,EICHERMOT
2025-08-20 10:00:00+05:30,SELL,5921.5,5925.75,5913.0,2.0,23.529411764705884,0.8,157,pullback,pullback,corrective,,,EICHERMOT
2025-08-20 10:30:00+05:30,BUY,5913.0,5902.5,5934.0,2.0,9.523809523809524,0.8,158,pullback,pullback,corrective,,,EICHERMOT
2025-08-20 11:30:00+05:30,BUY,5935.0,5902.5,5934.0,,,0.95,158,breakout,breakout,corrective,,,EICHERMOT
2025-08-20 11:00:00+05:30,SELL,5934.0,5935.0,5932.0,2.0,100.0,0.8,159,pullback,pullback,corrective,,,EICHERMOT
2025-08-20 11:45:00+05:30,SELL,5922.0,5935.0,5932.0,,,0.95,159,breakout,breakout,corrective,,,EICHERMOT
2025-08-20 11:15:00+05:30,BUY,5932.0,5930.5,5935.0,2.0,66.66666666666667,0.8,160,pullback,pullback,corrective,,,EICHERMOT
2025-08-20 11:30:00+05:30,SELL,5935.0,5941.5,5922.0,2.0,15.384615384615385,0.8,161,pullback,pullback,corrective,,,EICHERMOT
2025-08-20 11:45:00+05:30,BUY,5922.0,5918.5,5929.0,2.0,28.571428571428573,0.8,162,pullback,pullback,corrective,,,EICHERMOT
2025-08-20 12:45:00+05:30,BUY,5931.5,5918.5,5929.0,,,0.95,162,breakout,breakout,corrective,,,EICHERMOT
2025-08-20 12:15:00+05:30,SELL,5929.0,5930.0,5927.0,2.0,100.0,0.8,163,pullback,pullback,corrective,,,EICHERMOT
2025-08-20 13:00:00+05:30,SELL,5924.5,5930.0,5927.0,,,0.95,163,breakout,breakout,corrective,,,EICHERMOT
2025-08-20 12:30:00+05:30,BUY,5927.0,5924.75,5931.5,2.0,44.44444444444444,0.8,164,pullback,pullback,corrective,,,EICHERMOT
2025-08-20 12:45:00+05:30,SELL,5931.5,5935.75,5923.0,2.0,23.529411764705884,0.8,165,pullback,pullback,corrective,,,EICHERMOT
2025-08-20 13:15:00+05:30,BUY,5923.0,5918.0,5933.0,2.0,20.0,0.8,166,pullback,pullback,corrective,,,EICHERMOT
2025-08-20 14:15:00+05:30,SELL,5933.0,5934.5,5930.0,2.0,66.66666666666667,0.8,167,pullback,pullback,corrective,,,EICHERMOT
2025-08-21 09:15:00+05:30,SELL,5926.0,5934.5,5930.0,,,0.95,167,breakout,breakout,corrective,,,EICHERMOT
2025-08-20 14:30:00+05:30,BUY,5930.0,5920.5,5949.0,2.0,10.526315789473685,0.8,168,pullback,pullback,corrective,,,EICHERMOT
2025-08-20 14:45:00+05:30,SELL,5949.0,5973.25,5900.5,2.0,4.123711340206185,0.8,169,pullback,pullback,corrective,,,EICHERMOT
2025-08-21 09:30:00+05:30,BUY,5900.5,5892.75,5916.0,2.0,12.903225806451612,0.8,170,pullback,pullback,corrective,,,EICHERMOT
2025-08-21 10:30:00+05:30,BUY,5927.0,5892.75,5916.0,,,0.95,170,breakout,breakout,corrective,,,EICHERMOT
2025-08-21 09:45:00+05:30,SELL,5916.0,5919.75,5908.5,2.0,26.666666666666668,0.8,171,pullback,pullback,corrective,,,EICHERMOT
2025-08-21 10:00:00+05:30,BUY,5908.5,5905.25,5915.0,2.0,30.76923076923077,0.8,172,pullback,pullback,corrective,,,EICHERMOT
2025-08-21 11:00:00+05:30,BUY,5914.5,5914.25,5915.0,2.0,400.0,0.8,173,pullback,pullback,corrective,,,EICHERMOT
2025-08-21 11:15:00+05:30,SELL,5915.0,5921.5,5902.0,2.0,15.384615384615385,0.8,174,pullback,pullback,corrective,,,EICHERMOT
2025-08-21 12:00:00+05:30,BUY,5902.0,5897.25,5911.5,2.0,21.05263157894737,0.8,175,pullback,pullback,corrective,,,EICHERMOT
2025-08-21 12:45:00+05:30,SELL,5911.5,5915.0,5904.5,2.0,28.571428571428573,0.8,176,pullback,pullback,corrective,,,EICHERMOT
2025-08-21 13:00:00+05:30,BUY,5904.5,5876.75,5960.0,2.0,3.6036036036036037,0.8,177,pullback,pullback,corrective,,,EICHERMOT
2025-08-21 14:00:00+05:30,SELL,5960.0,5961.5,5957.0,2.0,66.66666666666667,0.8,178,pullback,pullback,corrective,,,EICHERMOT
2025-08-21 14:15:00+05:30,BUY,5957.0,5943.75,5983.5,2.0,7.547169811320755,0.8,179,pullback,pullback,corrective,,,EICHERMOT
2025-08-21 14:30:00+05:30,SELL,5983.5,6005.25,5940.0,2.0,4.597701149425287,0.8,180,pullback,pullback,corrective,,,EICHERMOT
2025-08-22 09:30:00+05:30,BUY,5940.0,5931.5,5957.0,2.0,11.764705882352942,0.8,181,pullback,pullback,corrective,,,EICHERMOT
2025-08-22 10:00:00+05:30,SELL,5957.0,5963.0,5945.0,2.0,16.666666666666668,0.8,182,pullback,pullback,corrective,,,EICHERMOT
2025-08-22 10:45:00+05:30,BUY,5945.0,5941.0,5953.0,2.0,25.0,0.8,183,pullback,pullback,corrective,,,EICHERMOT
2025-08-22 11:45:00+05:30,SELL,5953.0,5957.75,5943.5,2.0,21.05263157894737,0.8,184,pullback,pullback,corrective,,,EICHERMOT
2025-08-22 12:30:00+05:30,SELL,5942.5,5957.75,5943.5,,,0.95,184,breakout,breakout,corrective,,,EICHERMOT
2025-08-22 12:00:00+05:30,BUY,5943.5,5943.0,5944.5,2.0,200.0,0.8,185,pullback,pullback,corrective,,,EICHERMOT
2025-08-22 13:15:00+05:30,BUY,5948.5,5943.0,5944.5,,,0.95,185,breakout,breakout,corrective,,,EICHERMOT
2025-08-22 12:15:00+05:30,SELL,5944.5,5947.75,5938.0,2.0,30.76923076923077,0.8,186,pullback,pullback,corrective,,,EICHERMOT
2025-08-22 12:45:00+05:30,BUY,5938.0,5932.75,5948.5,2.0,19.047619047619047,0.8,187,pullback,pullback,corrective,,,EICHERMOT
2025-08-22 13:15:00+05:30,SELL,5948.5,5951.5,5942.5,2.0,33.333333333333336,0.8,188,pullback,pullback,corrective,,,EICHERMOT
2025-08-22 14:00:00+05:30,SELL,5940.5,5951.5,5942.5,,,0.95,188,breakout,breakout,corrective,,,EICHERMOT
2025-08-22 13:30:00+05:30,BUY,5942.5,5942.25,5943.0,2.0,400.0,0.8,189,pullback,pullback,corrective,,,EICHERMOT
2025-08-22 13:45:00+05:30,SELL,5943.0,5953.25,5922.5,2.0,9.75609756097561,0.8,190,pullback,pullback,corrective,,,EICHERMOT
2025-08-22 15:00:00+05:30,BUY,5922.5,5918.75,5930.0,2.0,26.666666666666668,0.8,191,pullback,pullback,corrective,,,EICHERMOT
2025-08-25 09:30:00+05:30,BUY,5940.0,5918.75,5930.0,,,0.95,191,breakout,breakout,corrective,,,EICHERMOT
2025-08-22 15:15:00+05:30,SELL,5930.0,5941.5,5907.0,2.0,8.695652173913043,0.8,192,pullback,pullback,corrective,,,EICHERMOT
2025-08-25 09:15:00+05:30,BUY,5907.0,5890.5,5940.0,2.0,6.0606060606060606,0.8,193,pullback,pullback,corrective,,,EICHERMOT
2025-08-25 09:30:00+05:30,SELL,5940.0,5948.75,5922.5,2.0,11.428571428571429,0.8,194,pullback,pullback,corrective,,,EICHERMOT
2025-08-25 10:15:00+05:30,SELL,5921.5,5948.75,5922.5,,,0.95,194,breakout,breakout,corrective,,,EICHERMOT
2025-08-25 09:45:00+05:30,BUY,5922.5,5922.0,5923.5,2.0,200.0,0.8,195,pullback,pullback,corrective,,,EICHERMOT
2025-08-25 10:30:00+05:30,BUY,5932.0,5922.0,5923.5,,,0.95,195,breakout,breakout,corrective,,,EICHERMOT
2025-08-25 10:00:00+05:30,SELL,5923.5,5924.5,5921.5,2.0,100.0,0.8,196,pullback,pullback,corrective,,,EICHERMOT
2025-08-25 10:15:00+05:30,BUY,5921.5,5916.25,5932.0,2.0,19.047619047619047,0.8,197,pullback,pullback,corrective,,,EICHERMOT
2025-08-25 10:30:00+05:30,SELL,5932.0,5934.75,5926.5,2.0,36.36363636363637,0.8,198,pullback,pullback,corrective,,,EICHERMOT
2025-08-25 11:15:00+05:30,SELL,5925.5,5934.75,5926.5,,,0.95,198,breakout,breakout,corrective,,,EICHERMOT
2025-08-25 10:45:00+05:30,BUY,5926.5,5925.5,5928.5,2.0,100.0,0.8,199,pullback,pullback,corrective,,,EICHERMOT
2025-08-25 12:00:00+05:30,BUY,5945.0,5925.5,5928.5,,,0.95,199,breakout,breakout,corrective,,,EICHERMOT
2025-08-25 11:00:00+05:30,SELL,5928.5,5934.0,5917.5,2.0,18.181818181818183,0.8,200,pullback,pullback,corrective,,,EICHERMOT
2025-08-25 11:45:00+05:30,BUY,5917.5,5903.75,5945.0,2.0,7.2727272727272725,0.8,201,pullback,pullback,corrective,,,EICHERMOT
2025-08-25 12:30:00+05:30,BUY,5948.5,5903.75,5945.0,,,0.95,201,breakout,breakout,corrective,,,EICHERMOT
2025-08-25 12:00:00+05:30,SELL,5945.0,5953.75,5927.5,2.0,11.428571428571429,0.8,202,pullback,pullback,corrective,,,EICHERMOT
2025-08-25 12:15:00+05:30,BUY,5927.5,5889.0,6004.5,2.0,2.5974025974025974,0.8,203,pullback,pullback,corrective,,,EICHERMOT
2025-08-25 13:45:00+05:30,SELL,6004.5,6012.0,5989.5,2.0,13.333333333333334,0.8,204,pullback,pullback,corrective,,,EICHERMOT
2025-08-25 15:00:00+05:30,SELL,5988.5,6012.0,5989.5,,,0.95,204,breakout,breakout,corrective,,,EICHERMOT
2025-08-25 14:30:00+05:30,BUY,5989.5,5988.0,5992.5,2.0,66.66666666666667,0.8,205,pullback,pullback,corrective,,,EICHERMOT
2025-08-26 09:15:00+05:30,BUY,6005.0,5988.0,5992.5,,,0.95,205,breakout,breakout,corrective,,,EICHERMOT
2025-08-25 14:45:00+05:30,SELL,5992.5,5994.5,5988.5,2.0,50.0,0.8,206,pullback,pullback,corrective,,,EICHERMOT
2025-08-25 15:00:00+05:30,BUY,5988.5,5980.25,6005.0,2.0,12.121212121212121,0.8,207,pullback,pullback,corrective,,,EICHERMOT
2025-08-26 09:45:00+05:30,BUY,6043.5,5980.25,6005.0,,,0.95,207,breakout,breakout,corrective,,,EICHERMOT
2025-08-26 09:15:00+05:30,SELL,6005.0,6007.75,5999.5,2.0,36.36363636363637,0.8,208,pullback,pullback,corrective,,,EICHERMOT
2025-08-26 09:30:00+05:30,BUY,5999.5,5948.5,6101.5,2.0,1.9607843137254901,0.8,209,pullback,pullback,corrective,,,EICHERMOT
2025-08-26 10:15:00+05:30,SELL,6101.5,6121.0,6062.5,2.0,5.128205128205129,0.8,210,pullback,pullback,corrective,,,EICHERMOT
2025-08-26 11:00:00+05:30,BUY,6062.5,6007.75,6172.0,2.0,1.82648401826484,0.8,211,pullback,pullback,corrective,,,EICHERMOT
2025-08-26 13:00:00+05:30,SELL,6172.0,6179.25,6157.5,2.0,13.793103448275861,0.8,212,pullback,pullback,corrective,,,EICHERMOT
2025-08-26 13:15:00+05:30,BUY,6157.5,6138.25,6196.0,2.0,5.194805194805195,0.8,213,pullback,pullback,corrective,,,EICHERMOT
2025-08-26 14:15:00+05:30,BUY,6200.0,6138.25,6196.0,,,0.95,213,breakout,breakout,corrective,,,EICHERMOT
2025-08-26 13:45:00+05:30,SELL,6196.0,6196.5,6195.0,2.0,200.0,0.8,214,pullback,pullback,corrective,,,EICHERMOT
2025-08-26 14:30:00+05:30,SELL,6182.0,6196.5,6195.0,,,0.95,214,breakout,breakout,corrective,,,EICHERMOT
2025-08-26 14:00:00+05:30,BUY,6195.0,6192.5,6200.0,2.0,40.0,0.8,215,pullback,pullback,corrective,,,EICHERMOT
2025-08-26 14:15:00+05:30,SELL,6200.0,6224.5,6151.0,2.0,4.081632653061225,0.8,216,pullback,pullback,corrective,,,EICHERMOT
2025-08-26 15:15:00+05:30,BUY,6151.0,6132.0,6189.0,2.0,5.2631578947368425,0.8,217,pullback,pullback,corrective,,,EICHERMOT
2025-08-28 09:15:00+05:30,SELL,6189.0,6202.0,6163.0,2.0,7.6923076923076925,0.8,218,pullback,pullback,corrective,,,EICHERMOT
2025-08-28 10:15:00+05:30,SELL,6146.5,6202.0,6163.0,,,0.95,218,breakout,breakout,corrective,,,EICHERMOT
2025-08-28 09:45:00+05:30,BUY,6163.0,6156.25,6176.5,2.0,14.814814814814815,0.8,219,pullback,pullback,corrective,,,EICHERMOT
2025-08-28 10:00:00+05:30,SELL,6176.5,6198.5,6132.5,2.0,4.545454545454546,0.8,220,pullback,pullback,corrective,,,EICHERMOT
2025-08-28 10:30:00+05:30,BUY,6132.5,6112.5,6172.5,2.0,5.0,0.8,221,pullback,pullback,corrective,,,EICHERMOT
2025-08-28 11:15:00+05:30,BUY,6190.0,6112.5,6172.5,,,0.95,221,breakout,breakout,corrective,,,EICHERMOT
2025-08-28 10:45:00+05:30,SELL,6172.5,6176.0,6165.5,2.0,28.571428571428573,0.8,222,pullback,pullback,corrective,,,EICHERMOT
2025-08-28 11:00:00+05:30,BUY,6165.5,6139.5,6217.5,2.0,3.8461538461538463,0.8,223,pullback,pullback,corrective,,,EICHERMOT
2025-08-28 11:30:00+05:30,SELL,6217.5,6226.25,6200.0,2.0,11.428571428571429,0.8,224,pullback,pullback,corrective,,,EICHERMOT
2025-08-28 12:30:00+05:30,SELL,6196.5,6226.25,6200.0,,,0.95,224,breakout,breakout,corrective,,,EICHERMOT
2025-08-28 12:00:00+05:30,BUY,6200.0,6199.0,6202.0,2.0,100.0,0.8,225,pullback,pullback,corrective,,,EICHERMOT
2025-08-28 12:15:00+05:30,SELL,6202.0,6223.5,6159.0,2.0,4.651162790697675,0.8,226,pullback,pullback,corrective,,,EICHERMOT
2025-08-28 13:15:00+05:30,BUY,6159.0,6157.75,6161.5,2.0,80.0,0.8,227,pullback,pullback,corrective,,,EICHERMOT
2025-08-28 13:30:00+05:30,SELL,6161.5,6164.75,6155.0,2.0,30.76923076923077,0.8,228,pullback,pullback,corrective,,,EICHERMOT
2025-08-28 13:45:00+05:30,BUY,6155.0,6153.0,6159.0,2.0,50.0,0.8,229,pullback,pullback,corrective,,,EICHERMOT
2025-08-28 14:45:00+05:30,BUY,6160.5,6153.0,6159.0,,,0.95,229,breakout,breakout,corrective,,,EICHERMOT
2025-08-28 14:15:00+05:30,SELL,6159.0,6161.0,6155.0,2.0,50.0,0.8,230,pullback,pullback,corrective,,,EICHERMOT
2025-08-28 15:00:00+05:30,SELL,6132.5,6161.0,6155.0,,,0.95,230,breakout,breakout,corrective,,,EICHERMOT
2025-08-28 14:30:00+05:30,BUY,6155.0,6152.25,6160.5,2.0,36.36363636363637,0.8,231,pullback,pullback,corrective,,,EICHERMOT
2025-08-28 14:45:00+05:30,SELL,6160.5,6174.5,6132.5,2.0,7.142857142857143,0.8,232,pullback,pullback,corrective,,,EICHERMOT
2025-08-29 09:15:00+05:30,SELL,6101.0,6174.5,6132.5,,,0.95,232,breakout,breakout,corrective,,,EICHERMOT
2025-08-28 15:00:00+05:30,BUY,6132.5,6128.75,6140.0,2.0,26.666666666666668,0.8,233,pullback,pullback,corrective,,,EICHERMOT
2025-08-28 15:15:00+05:30,SELL,6140.0,6159.5,6101.0,2.0,5.128205128205129,0.8,234,pullback,pullback,corrective,,,EICHERMOT
2025-08-29 10:15:00+05:30,SELL,6098.5,6159.5,6101.0,,,0.95,234,breakout,breakout,corrective,,,EICHERMOT
2025-08-29 09:15:00+05:30,BUY,6101.0,6091.0,6121.0,2.0,10.0,0.8,235,pullback,pullback,corrective,,,EICHERMOT
2025-08-29 09:45:00+05:30,SELL,6121.0,6132.25,6098.5,2.0,8.88888888888889,0.8,236,pullback,pullback,corrective,,,EICHERMOT
2025-08-29 10:15:00+05:30,BUY,6098.5,6089.25,6117.0,2.0,10.81081081081081,0.8,237,pullback,pullback,corrective,,,EICHERMOT
2025-08-29 11:00:00+05:30,BUY,6121.5,6089.25,6117.0,,,0.95,237,breakout,breakout,corrective,,,EICHERMOT
2025-08-29 10:30:00+05:30,SELL,6117.0,6121.0,6109.0,2.0,25.0,0.8,238,pullback,pullback,corrective,,,EICHERMOT
2025-08-29 10:45:00+05:30,BUY,6109.0,6086.75,6153.5,2.0,4.49438202247191,0.8,239,pullback,pullback,corrective,,,EICHERMOT
2025-08-29 11:30:00+05:30,SELL,6153.5,6187.75,6085.0,2.0,2.9197080291970803,0.8,240,pullback,pullback,corrective,,,EICHERMOT
2025-08-29 13:00:00+05:30,BUY,6085.0,6078.0,6099.0,2.0,14.285714285714286,0.8,241,pullback,pullback,corrective,,,EICHERMOT
2025-08-29 13:45:00+05:30,BUY,6103.0,6078.0,6099.0,,,0.95,241,breakout,breakout,corrective,,,EICHERMOT
2025-08-29 13:15:00+05:30,SELL,6099.0,6100.0,6097.0,2.0,100.0,0.8,242,pullback,pullback,corrective,,,EICHERMOT
2025-08-29 13:30:00+05:30,BUY,6097.0,6087.75,6115.5,2.0,10.81081081081081,0.8,243,pullback,pullback,corrective,,,EICHERMOT
2025-08-29 14:00:00+05:30,SELL,6115.5,6119.75,6107.0,2.0,23.529411764705884,0.8,244,pullback,pullback,corrective,,,EICHERMOT
2025-08-29 15:00:00+05:30,SELL,6103.0,6119.75,6107.0,,,0.95,244,breakout,breakout,corrective,,,EICHERMOT
2025-08-29 14:30:00+05:30,BUY,6107.0,6106.5,6108.0,2.0,200.0,0.8,245,pullback,pullback,corrective,,,EICHERMOT
2025-09-01 09:15:00+05:30,BUY,6133.0,6106.5,6108.0,,,0.95,245,breakout,breakout,corrective,,,EICHERMOT
2025-08-29 14:45:00+05:30,SELL,6108.0,6119.25,6130.5,2.0,8.88888888888889,0.8,246,pullback,pullback,corrective,,,EICHERMOT
2025-09-01 09:30:00+05:30,SELL,6140.0,6144.75,6130.5,2.0,21.05263157894737,0.8,247,pullback,pullback,corrective,,,EICHERMOT
2025-09-01 10:00:00+05:30,BUY,6130.5,6114.25,6163.0,2.0,6.153846153846154,0.8,248,pullback,pullback,corrective,,,EICHERMOT
2025-09-01 11:30:00+05:30,SELL,6163.0,6170.0,6149.0,2.0,14.285714285714286,0.8,249,pullback,pullback,corrective,,,EICHERMOT
2025-09-01 12:15:00+05:30,BUY,6149.0,6081.0,6285.0,2.0,1.4705882352941178,0.8,250,pullback,pullback,corrective,,,EICHERMOT
2025-09-01 14:30:00+05:30,SELL,6285.0,6290.75,6273.5,2.0,17.391304347826086,0.8,251,pullback,pullback,corrective,,,EICHERMOT
2025-09-01 14:45:00+05:30,BUY,6273.5,6254.0,6312.5,2.0,5.128205128205129,0.8,252,pullback,pullback,corrective,,,EICHERMOT
2025-09-02 09:45:00+05:30,SELL,6312.5,6322.5,6292.5,2.0,10.0,0.8,253,pullback,pullback,corrective,,,EICHERMOT
2025-09-02 10:00:00+05:30,BUY,6292.5,6277.5,6322.5,2.0,6.666666666666667,0.8,254,pullback,pullback,corrective,,,EICHERMOT
2025-09-02 11:15:00+05:30,BUY,6340.0,6277.5,6322.5,,,0.95,254,breakout,breakout,corrective,,,EICHERMOT
2025-09-02 10:45:00+05:30,SELL,6322.5,6323.25,6321.0,2.0,133.33333333333334,0.8,255,pullback,pullback,corrective,,,EICHERMOT
2025-09-02 11:00:00+05:30,BUY,6321.0,6304.25,6354.5,2.0,5.970149253731344,0.8,256,pullback,pullback,corrective,,,EICHERMOT
2025-09-02 12:15:00+05:30,BUY,6366.5,6304.25,6354.5,,,0.95,256,breakout,breakout,corrective,,,EICHERMOT
2025-09-02 11:45:00+05:30,SELL,6354.5,6358.75,6346.0,2.0,23.529411764705884,0.8,257,pullback,pullback,corrective,,,EICHERMOT
2025-09-02 12:00:00+05:30,BUY,6346.0,6326.0,6386.0,2.0,5.0,0.8,258,pullback,pullback,corrective,,,EICHERMOT
2025-09-02 12:45:00+05:30,SELL,6386.0,6406.0,6346.0,2.0,5.0,0.8,259,pullback,pullback,corrective,,,EICHERMOT
2025-09-02 14:45:00+05:30,BUY,6346.0,6341.75,6354.5,2.0,23.529411764705884,0.8,260,pullback,pullback,corrective,,,EICHERMOT
2025-09-02 15:00:00+05:30,SELL,6354.5,6370.5,6322.5,2.0,6.25,0.8,261,pullback,pullback,corrective,,,EICHERMOT
2025-09-03 10:00:00+05:30,SELL,6320.0,6370.5,6322.5,,,0.95,261,breakout,breakout,corrective,,,EICHERMOT
2025-09-03 09:30:00+05:30,BUY,6322.5,6315.75,6336.0,2.0,14.814814814814815,0.8,262,pullback,pullback,corrective,,,EICHERMOT
2025-09-03 09:45:00+05:30,SELL,6336.0,6344.0,6320.0,2.0,12.5,0.8,263,pullback,pullback,corrective,,,EICHERMOT
2025-09-03 10:30:00+05:30,SELL,6316.5,6344.0,6320.0,,,0.95,263,breakout,breakout,corrective,,,EICHERMOT
2025-09-03 10:00:00+05:30,BUY,6320.0,6317.25,6325.5,2.0,36.36363636363637,0.8,264,pullback,pullback,corrective,,,EICHERMOT
2025-09-03 10:45:00+05:30,BUY,6328.5,6317.25,6325.5,,,0.95,264,breakout,breakout,corrective,,,EICHERMOT
2025-09-03 10:15:00+05:30,SELL,6325.5,6330.0,6316.5,2.0,22.22222222222222,0.8,265,pullback,pullback,corrective,,,EICHERMOT
2025-09-03 10:30:00+05:30,BUY,6316.5,6307.25,6335.0,2.0,10.81081081081081,0.8,266,pullback,pullback,corrective,,,EICHERMOT
2025-09-03 11:45:00+05:30,BUY,6338.5,6307.25,6335.0,,,0.95,266,breakout,breakout,corrective,,,EICHERMOT
2025-09-03 11:00:00+05:30,SELL,6335.0,6342.5,6320.0,2.0,13.333333333333334,0.8,267,pullback,pullback,corrective,,,EICHERMOT
2025-09-03 11:30:00+05:30,BUY,6320.0,6293.0,6374.0,2.0,3.7037037037037037,0.8,268,pullback,pullback,corrective,,,EICHERMOT
2025-09-03 12:30:00+05:30,SELL,6374.0,6377.75,6366.5,2.0,26.666666666666668,0.8,269,pullback,pullback,corrective,,,EICHERMOT
2025-09-03 13:30:00+05:30,SELL,6363.0,6377.75,6366.5,,,0.95,269,breakout,breakout,corrective,,,EICHERMOT
2025-09-03 12:45:00+05:30,BUY,6366.5,6363.25,6373.0,2.0,30.76923076923077,0.8,270,pullback,pullback,corrective,,,EICHERMOT
2025-09-03 13:00:00+05:30,SELL,6373.0,6382.5,6354.0,2.0,10.526315789473685,0.8,271,pullback,pullback,corrective,,,EICHERMOT
2025-09-03 14:15:00+05:30,BUY,6354.0,6343.5,6375.0,2.0,9.523809523809524,0.8,272,pullback,pullback,corrective,,,EICHERMOT
2025-09-04 09:15:00+05:30,BUY,6595.0,6343.5,6375.0,,,0.95,272,breakout,breakout,corrective,,,EICHERMOT
2025-09-03 15:00:00+05:30,SELL,6375.0,6375.25,6374.5,2.0,400.0,0.8,273,pullback,pullback,corrective,,,EICHERMOT
2025-09-03 15:15:00+05:30,BUY,6374.5,6264.25,6595.0,2.0,0.9070294784580499,0.8,274,pullback,pullback,impulse,,,EICHERMOT
2025-09-04 09:15:00+05:30,SELL,6595.0,6615.5,6554.0,2.0,4.878048780487805,0.8,275,pullback,pullback,impulse,,,EICHERMOT
2025-09-04 10:00:00+05:30,SELL,6497.5,6615.5,6554.0,,,0.95,275,breakout,breakout,impulse,,,EICHERMOT
2025-09-04 09:30:00+05:30,BUY,6554.0,6552.0,6558.0,2.0,50.0,0.8,276,pullback,pullback,corrective,,,EICHERMOT
2025-09-04 09:45:00+05:30,SELL,6558.0,6597.25,6479.5,2.0,2.5477707006369426,0.8,277,pullback,pullback,corrective,,,EICHERMOT
2025-09-04 10:30:00+05:30,BUY,6479.5,6460.5,6517.5,2.0,5.2631578947368425,0.8,278,pullback,pullback,corrective,,,EICHERMOT
2025-09-04 10:45:00+05:30,SELL,6517.5,6547.25,6458.0,2.0,3.361344537815126,0.8,279,pullback,pullback,corrective,,,EICHERMOT
2025-09-04 11:45:00+05:30,BUY,6458.0,6444.0,6486.0,2.0,7.142857142857143,0.8,280,pullback,pullback,corrective,,,EICHERMOT
2025-09-04 12:30:00+05:30,SELL,6486.0,6509.25,6439.5,2.0,4.301075268817204,0.8,281,pullback,pullback,corrective,,,EICHERMOT
2025-09-04 13:30:00+05:30,BUY,6439.5,6439.0,6440.5,2.0,200.0,0.8,282,pullback,pullback,corrective,,,EICHERMOT
2025-09-04 13:45:00+05:30,SELL,6440.5,6446.0,6429.5,2.0,18.181818181818183,0.8,283,pullback,pullback,corrective,,,EICHERMOT
2025-09-04 14:45:00+05:30,SELL,6421.0,6446.0,6429.5,,,0.95,283,breakout,breakout,corrective,,,EICHERMOT
2025-09-04 14:15:00+05:30,BUY,6429.5,6426.0,6436.5,2.0,28.571428571428573,0.8,284,pullback,pullback,corrective,,,EICHERMOT
2025-09-05 09:15:00+05:30,BUY,6497.0,6426.0,6436.5,,,0.95,284,breakout,breakout,corrective,,,EICHERMOT
2025-09-04 14:30:00+05:30,SELL,6436.5,6444.25,6421.0,2.0,12.903225806451612,0.8,285,pullback,pullback,corrective,,,EICHERMOT
2025-09-04 14:45:00+05:30,BUY,6421.0,6368.75,6525.5,2.0,1.9138755980861244,0.8,286,pullback,pullback,corrective,,,EICHERMOT
2025-09-05 09:45:00+05:30,SELL,6525.5,6530.5,6515.5,2.0,20.0,0.8,287,pullback,pullback,corrective,,,EICHERMOT
2025-09-05 10:00:00+05:30,BUY,6515.5,6505.0,6536.5,2.0,9.523809523809524,0.8,288,pullback,pullback,corrective,,,EICHERMOT
2025-09-05 11:00:00+05:30,BUY,6545.0,6505.0,6536.5,,,0.95,288,breakout,breakout,corrective,,,EICHERMOT
2025-09-05 10:15:00+05:30,SELL,6536.5,6542.25,6525.0,2.0,17.391304347826086,0.8,289,pullback,pullback,corrective,,,EICHERMOT
2025-09-05 10:30:00+05:30,BUY,6525.0,6507.25,6560.5,2.0,5.633802816901408,0.8,290,pullback,pullback,corrective,,,EICHERMOT
2025-09-05 11:15:00+05:30,SELL,6560.5,6568.5,6544.5,2.0,12.5,0.8,291,pullback,pullback,corrective,,,EICHERMOT
2025-09-05 11:45:00+05:30,BUY,6544.5,6539.75,6554.0,2.0,21.05263157894737,0.8,292,pullback,pullback,corrective,,,EICHERMOT
2025-09-05 12:45:00+05:30,BUY,6560.0,6539.75,6554.0,,,0.95,292,breakout,breakout,corrective,,,EICHERMOT
2025-09-05 12:15:00+05:30,SELL,6554.0,6555.75,6550.5,2.0,57.142857142857146,0.8,293,pullback,pullback,corrective,,,EICHERMOT
2025-09-05 12:30:00+05:30,BUY,6550.5,6545.75,6560.0,2.0,21.05263157894737,0.8,294,pullback,pullback,corrective,,,EICHERMOT
2025-09-05 13:30:00+05:30,BUY,6572.0,6545.75,6560.0,,,0.95,294,breakout,breakout,corrective,,,EICHERMOT
2025-09-05 12:45:00+05:30,SELL,6560.0,6561.75,6556.5,2.0,57.142857142857146,0.8,295,pullback,pullback,corrective,,,EICHERMOT
2025-09-05 13:15:00+05:30,BUY,6556.5,6538.5,6592.5,2.0,5.555555555555555,0.8,296,pullback,pullback,corrective,,,EICHERMOT
2025-09-05 13:45:00+05:30,SELL,6592.5,6596.25,6585.0,2.0,26.666666666666668,0.8,297,pullback,pullback,corrective,,,EICHERMOT
2025-09-05 14:30:00+05:30,SELL,6582.5,6596.25,6585.0,,,0.95,297,breakout,breakout,corrective,,,EICHERMOT
2025-09-05 14:00:00+05:30,BUY,6585.0,6584.75,6585.5,2.0,400.0,0.8,298,pullback,pullback,corrective,,,EICHERMOT
2025-09-05 14:15:00+05:30,SELL,6585.5,6587.0,6582.5,2.0,66.66666666666667,0.8,299,pullback,pullback,corrective,,,EICHERMOT
2025-09-05 15:00:00+05:30,SELL,6579.5,6587.0,6582.5,,,0.95,299,breakout,breakout,corrective,,,EICHERMOT
2025-09-05 14:30:00+05:30,BUY,6582.5,6581.0,6585.5,2.0,66.66666666666667,0.8,300,pullback,pullback,corrective,,,EICHERMOT
2025-09-08 09:15:00+05:30,BUY,6610.0,6581.0,6585.5,,,0.95,300,breakout,breakout,corrective,,,EICHERMOT
2025-09-05 14:45:00+05:30,SELL,6585.5,6588.5,6579.5,2.0,33.333333333333336,0.8,301,pullback,pullback,corrective,,,EICHERMOT
2025-09-05 15:00:00+05:30,BUY,6579.5,6564.25,6610.0,2.0,6.557377049180328,0.8,302,pullback,pullback,corrective,,,EICHERMOT
2025-09-08 09:45:00+05:30,BUY,6613.0,6564.25,6610.0,,,0.95,302,breakout,breakout,corrective,,,EICHERMOT
2025-09-08 09:15:00+05:30,SELL,6610.0,6616.25,6597.5,2.0,16.0,0.8,303,pullback,pullback,corrective,,,EICHERMOT
2025-09-08 09:30:00+05:30,BUY,6597.5,6577.25,6638.0,2.0,4.938271604938271,0.8,304,pullback,pullback,corrective,,,EICHERMOT
2025-09-08 10:30:00+05:30,BUY,6665.5,6577.25,6638.0,,,0.95,304,breakout,breakout,corrective,,,EICHERMOT
2025-09-08 10:00:00+05:30,SELL,6638.0,6641.5,6631.0,2.0,28.571428571428573,0.8,305,pullback,pullback,corrective,,,EICHERMOT
2025-09-08 10:15:00+05:30,BUY,6631.0,6546.25,6800.5,2.0,1.1799410029498525,0.8,306,pullback,pullback,corrective,,,EICHERMOT
2025-09-08 13:00:00+05:30,SELL,6800.5,6815.75,6831.0,2.0,6.557377049180328,0.8,307,pullback,pullback,corrective,,,EICHERMOT
2025-09-08 13:15:00+05:30,SELL,6800.0,6815.75,6831.0,,,0.95,307,breakout,breakout,corrective,,,EICHERMOT
2025-09-08 14:00:00+05:30,SELL,6843.5,6849.75,6831.0,2.0,16.0,0.8,308,pullback,pullback,corrective,,,EICHERMOT
2025-09-08 14:45:00+05:30,SELL,6824.5,6849.75,6831.0,,,0.95,308,breakout,breakout,corrective,,,EICHERMOT
2025-09-08 14:15:00+05:30,BUY,6831.0,6827.5,6838.0,2.0,28.571428571428573,0.8,309,pullback,pullback,corrective,,,EICHERMOT
2025-09-09 09:15:00+05:30,BUY,6885.5,6827.5,6838.0,,,0.95,309,breakout,breakout,corrective,,,EICHERMOT
2025-09-08 14:30:00+05:30,SELL,6838.0,6858.0,6798.0,2.0,5.0,0.8,310,pullback,pullback,corrective,,,EICHERMOT
2025-09-08 15:15:00+05:30,BUY,6798.0,6750.25,6893.5,2.0,2.094240837696335,0.8,311,pullback,pullback,corrective,,,EICHERMOT
2025-09-09 09:30:00+05:30,SELL,6893.5,6915.0,6850.5,2.0,4.651162790697675,0.8,312,pullback,pullback,corrective,,,EICHERMOT
2025-09-09 10:00:00+05:30,BUY,6850.5,6828.25,6895.0,2.0,4.49438202247191,0.8,313,pullback,pullback,corrective,,,EICHERMOT
2025-09-09 11:30:00+05:30,SELL,6895.0,6913.25,6858.5,2.0,5.47945205479452,0.8,314,pullback,pullback,corrective,,,EICHERMOT
2025-09-09 12:15:00+05:30,BUY,6858.5,6843.75,6888.0,2.0,6.779661016949152,0.8,315,pullback,pullback,corrective,,,EICHERMOT
2025-09-09 13:15:00+05:30,SELL,6888.0,6900.5,6863.0,2.0,8.0,0.8,316,pullback,pullback,corrective,,,EICHERMOT
2025-09-09 14:30:00+05:30,BUY,6863.0,6847.75,6893.5,2.0,6.557377049180328,0.8,317,pullback,pullback,corrective,,,EICHERMOT
2025-09-09 15:15:00+05:30,SELL,6893.5,6920.0,6840.5,2.0,3.7735849056603774,0.8,318,pullback,pullback,corrective,,,EICHERMOT
2025-09-10 09:15:00+05:30,BUY,6840.5,6828.75,6864.0,2.0,8.51063829787234,0.8,319,pullback,pullback,corrective,,,EICHERMOT
2025-09-10 10:00:00+05:30,SELL,6864.0,6884.5,6823.0,2.0,4.878048780487805,0.8,320,pullback,pullback,corrective,,,EICHERMOT
2025-09-10 10:30:00+05:30,BUY,6823.0,6809.75,6849.5,2.0,7.547169811320755,0.8,321,pullback,pullback,corrective,,,EICHERMOT
2025-09-10 11:30:00+05:30,SELL,6849.5,6859.25,6830.0,2.0,10.256410256410257,0.8,322,pullback,pullback,corrective,,,EICHERMOT
2025-09-10 11:45:00+05:30,BUY,6830.0,6822.5,6845.0,2.0,13.333333333333334,0.8,323,pullback,pullback,corrective,,,EICHERMOT
2025-09-10 12:15:00+05:30,SELL,6845.0,6850.0,6835.0,2.0,20.0,0.8,324,pullback,pullback,corrective,,,EICHERMOT
2025-09-10 12:30:00+05:30,BUY,6835.0,6825.25,6854.5,2.0,10.256410256410257,0.8,325,pullback,pullback,corrective,,,EICHERMOT
2025-09-10 13:15:00+05:30,SELL,6854.5,6857.5,6848.5,2.0,33.333333333333336,0.8,326,pullback,pullback,corrective,,,EICHERMOT
2025-09-10 14:15:00+05:30,SELL,6846.5,6857.5,6848.5,,,0.95,326,breakout,breakout,corrective,,,EICHERMOT
2025-09-10 13:30:00+05:30,BUY,6848.5,6845.5,6854.5,2.0,33.333333333333336,0.8,327,pullback,pullback,corrective,,,EICHERMOT
2025-09-10 14:45:00+05:30,BUY,6856.5,6845.5,6854.5,,,0.95,327,breakout,breakout,corrective,,,EICHERMOT
2025-09-10 14:00:00+05:30,SELL,6854.5,6859.25,6845.0,2.0,21.05263157894737,0.8,328,pullback,pullback,corrective,,,EICHERMOT
2025-09-10 15:00:00+05:30,SELL,6829.5,6859.25,6845.0,,,0.95,328,breakout,breakout,corrective,,,EICHERMOT
2025-09-10 14:30:00+05:30,BUY,6845.0,6839.25,6856.5,2.0,17.391304347826086,0.8,329,pullback,pullback,corrective,,,EICHERMOT
2025-09-10 14:45:00+05:30,SELL,6856.5,6887.75,6794.0,2.0,3.2,0.8,330,pullback,pullback,corrective,,,EICHERMOT
2025-09-11 09:30:00+05:30,BUY,6794.0,6793.5,6795.0,2.0,200.0,0.8,331,pullback,pullback,corrective,,,EICHERMOT
2025-09-11 09:45:00+05:30,SELL,6795.0,6808.75,6767.5,2.0,7.2727272727272725,0.8,332,pullback,pullback,corrective,,,EICHERMOT
2025-09-11 10:15:00+05:30,BUY,6767.5,6760.5,6781.5,2.0,14.285714285714286,0.8,333,pullback,pullback,corrective,,,EICHERMOT
2025-09-11 11:00:00+05:30,SELL,6781.5,6790.25,6764.0,2.0,11.428571428571429,0.8,334,pullback,pullback,corrective,,,EICHERMOT
2025-09-11 11:45:00+05:30,BUY,6764.0,6761.0,6770.0,2.0,33.333333333333336,0.8,335,pullback,pullback,corrective,,,EICHERMOT
2025-09-11 13:00:00+05:30,BUY,6774.0,6761.0,6770.0,,,0.95,335,breakout,breakout,corrective,,,EICHERMOT
2025-09-11 12:15:00+05:30,SELL,6770.0,6771.75,6766.5,2.0,57.142857142857146,0.8,336,pullback,pullback,corrective,,,EICHERMOT
2025-09-11 12:45:00+05:30,BUY,6766.5,6755.0,6789.5,2.0,8.695652173913043,0.8,337,pullback,pullback,corrective,,,EICHERMOT
2025-09-11 13:30:00+05:30,SELL,6789.5,6807.75,6753.0,2.0,5.47945205479452,0.8,338,pullback,pullback,corrective,,,EICHERMOT
2025-09-11 15:00:00+05:30,BUY,6753.0,6689.5,6880.0,2.0,1.5748031496062993,0.8,339,pullback,pullback,corrective,,,EICHERMOT
2025-09-12 10:00:00+05:30,BUY,6889.0,6689.5,6880.0,,,0.95,339,breakout,breakout,corrective,,,EICHERMOT
2025-09-12 09:30:00+05:30,SELL,6880.0,6896.25,6847.5,2.0,6.153846153846154,0.8,340,pullback,pullback,corrective,,,EICHERMOT
2025-09-12 09:45:00+05:30,BUY,6847.5,6826.75,6889.0,2.0,4.819277108433735,0.8,341,pullback,pullback,corrective,,,EICHERMOT
2025-09-12 10:00:00+05:30,SELL,6889.0,6896.25,6874.5,2.0,13.793103448275861,0.8,342,pullback,pullback,corrective,,,EICHERMOT
2025-09-12 10:15:00+05:30,BUY,6874.5,6869.25,6885.0,2.0,19.047619047619047,0.8,343,pullback,pullback,corrective,,,EICHERMOT
2025-09-12 11:30:00+05:30,BUY,6893.5,6869.25,6885.0,,,0.95,343,breakout,breakout,corrective,,,EICHERMOT
2025-09-12 10:30:00+05:30,SELL,6885.0,6886.25,6882.5,2.0,80.0,0.8,344,pullback,pullback,corrective,,,EICHERMOT
2025-09-12 11:15:00+05:30,SELL,6876.0,6886.25,6882.5,,,0.95,344,breakout,breakout,corrective,,,EICHERMOT
2025-09-12 10:45:00+05:30,BUY,6882.5,6882.0,6883.5,2.0,200.0,0.8,345,pullback,pullback,corrective,,,EICHERMOT
2025-09-12 11:00:00+05:30,SELL,6883.5,6887.25,6876.0,2.0,26.666666666666668,0.8,346,pullback,pullback,corrective,,,EICHERMOT
2025-09-12 11:15:00+05:30,BUY,6876.0,6867.25,6893.5,2.0,11.428571428571429,0.8,347,pullback,pullback,corrective,,,EICHERMOT
2025-09-12 11:30:00+05:30,SELL,6893.5,6901.25,6878.0,2.0,12.903225806451612,0.8,348,pullback,pullback,corrective,,,EICHERMOT
2025-09-12 12:30:00+05:30,SELL,6873.0,6901.25,6878.0,,,0.95,348,breakout,breakout,corrective,,,EICHERMOT
2025-09-12 11:45:00+05:30,BUY,6878.0,6872.5,6889.0,2.0,18.181818181818183,0.8,349,pullback,pullback,corrective,,,EICHERMOT
2025-09-12 12:00:00+05:30,SELL,6889.0,6902.5,6862.0,2.0,7.407407407407407,0.8,350,pullback,pullback,corrective,,,EICHERMOT
2025-09-12 12:45:00+05:30,BUY,6862.0,6856.5,6873.0,2.0,18.181818181818183,0.8,351,pullback,pullback,corrective,,,EICHERMOT
2025-09-12 13:15:00+05:30,SELL,6873.0,6878.25,6862.5,2.0,19.047619047619047,0.8,352,pullback,pullback,corrective,,,EICHERMOT
2025-09-12 13:30:00+05:30,BUY,6862.5,6860.0,6867.5,2.0,40.0,0.8,353,pullback,pullback,corrective,,,EICHERMOT
2025-09-12 14:45:00+05:30,BUY,6869.0,6860.0,6867.5,,,0.95,353,breakout,breakout,corrective,,,EICHERMOT
2025-09-12 14:00:00+05:30,SELL,6867.5,6905.0,6792.5,2.0,2.6666666666666665,0.8,354,pullback,pullback,corrective,,,EICHERMOT
2025-09-15 09:15:00+05:30,SELL,6880.5,6924.5,6792.5,2.0,2.272727272727273,0.8,355,pullback,pullback,corrective,,,EICHERMOT
2025-09-15 10:15:00+05:30,SELL,6849.5,6878.0,6792.5,2.0,3.508771929824561,0.8,356,pullback,pullback,corrective,,,EICHERMOT
2025-09-15 12:00:00+05:30,BUY,6792.5,6781.5,6814.5,2.0,9.090909090909092,0.8,357,pullback,pullback,corrective,,,EICHERMOT
2025-09-15 12:45:00+05:30,SELL,6814.5,6821.25,6801.0,2.0,14.814814814814815,0.8,358,pullback,pullback,corrective,,,EICHERMOT
2025-09-15 14:00:00+05:30,BUY,6801.0,6798.75,6805.5,2.0,44.44444444444444,0.8,359,pullback,pullback,corrective,,,EICHERMOT
2025-09-15 14:45:00+05:30,BUY,6808.5,6798.75,6805.5,,,0.95,359,breakout,breakout,corrective,,,EICHERMOT
2025-09-15 14:15:00+05:30,SELL,6805.5,6806.0,6804.5,2.0,200.0,0.8,360,pullback,pullback,corrective,,,EICHERMOT
2025-09-15 15:00:00+05:30,SELL,6799.0,6806.0,6804.5,,,0.95,360,breakout,breakout,corrective,,,EICHERMOT
2025-09-15 14:30:00+05:30,BUY,6804.5,6802.5,6808.5,2.0,50.0,0.8,361,pullback,pullback,corrective,,,EICHERMOT
2025-09-16 09:15:00+05:30,BUY,6834.5,6802.5,6808.5,,,0.95,361,breakout,breakout,corrective,,,EICHERMOT
2025-09-15 14:45:00+05:30,SELL,6808.5,6827.0,6845.5,2.0,5.405405405405405,0.8,362,pullback,pullback,corrective,,,EICHERMOT
2025-09-16 10:00:00+05:30,SELL,6869.0,6880.75,6845.5,2.0,8.51063829787234,0.8,363,pullback,pullback,corrective,,,EICHERMOT
2025-09-16 10:45:00+05:30,BUY,6845.5,6838.25,6860.0,2.0,13.793103448275861,0.8,364,pullback,pullback,corrective,,,EICHERMOT
2025-09-16 12:00:00+05:30,BUY,6862.5,6838.25,6860.0,,,0.95,364,breakout,breakout,corrective,,,EICHERMOT
2025-09-16 11:00:00+05:30,SELL,6860.0,6863.0,6854.0,2.0,33.333333333333336,0.8,365,pullback,pullback,corrective,,,EICHERMOT
2025-09-16 11:30:00+05:30,BUY,6854.0,6846.25,6869.5,2.0,12.903225806451612,0.8,366,pullback,pullback,corrective,,,EICHERMOT
2025-09-16 12:30:00+05:30,SELL,6869.5,6874.25,6860.0,2.0,21.05263157894737,0.8,367,pullback,pullback,corrective,,,EICHERMOT
2025-09-16 12:45:00+05:30,BUY,6860.0,6833.75,6912.5,2.0,3.8095238095238093,0.8,368,pullback,pullback,corrective,,,EICHERMOT
2025-09-16 14:00:00+05:30,SELL,6912.5,6918.5,6900.5,2.0,16.666666666666668,0.8,369,pullback,pullback,corrective,,,EICHERMOT
2025-09-16 14:45:00+05:30,BUY,6900.5,6875.25,6951.0,2.0,3.9603960396039604,0.8,370,pullback,pullback,corrective,,,EICHERMOT
2025-09-16 15:15:00+05:30,SELL,6951.0,6974.5,6904.0,2.0,4.25531914893617,0.8,371,pullback,pullback,corrective,,,EICHERMOT
2025-09-17 10:00:00+05:30,SELL,6903.5,6974.5,6904.0,,,0.95,371,breakout,breakout,corrective,,,EICHERMOT
2025-09-17 09:15:00+05:30,BUY,6904.0,6898.5,6915.0,2.0,18.181818181818183,0.8,372,pullback,pullback,corrective,,,EICHERMOT
2025-09-17 10:00:00+05:30,BUY,6903.5,6897.75,6915.0,2.0,17.391304347826086,0.8,373,pullback,pullback,corrective,,,EICHERMOT
2025-09-17 10:45:00+05:30,BUY,6922.5,6897.75,6915.0,,,0.95,373,breakout,breakout,corrective,,,EICHERMOT
2025-09-17 10:15:00+05:30,SELL,6915.0,6919.0,6907.0,2.0,25.0,0.8,374,pullback,pullback,corrective,,,EICHERMOT
2025-09-17 10:30:00+05:30,BUY,6907.0,6898.25,6924.5,2.0,11.428571428571429,0.8,375,pullback,pullback,corrective,,,EICHERMOT
2025-09-17 11:00:00+05:30,SELL,6924.5,6930.5,6912.5,2.0,16.666666666666668,0.8,376,pullback,pullback,corrective,,,EICHERMOT
2025-09-17 11:45:00+05:30,BUY,6912.5,6907.75,6922.0,2.0,21.05263157894737,0.8,377,pullback,pullback,corrective,,,EICHERMOT
2025-09-17 12:15:00+05:30,SELL,6922.0,6927.75,6910.5,2.0,17.391304347826086,0.8,378,pullback,pullback,corrective,,,EICHERMOT
2025-09-17 13:00:00+05:30,SELL,6906.5,6927.75,6910.5,,,0.95,378,breakout,breakout,corrective,,,EICHERMOT
2025-09-17 12:30:00+05:30,BUY,6910.5,6908.25,6915.0,2.0,44.44444444444444,0.8,379,pullback,pullback,corrective,,,EICHERMOT
2025-09-17 12:45:00+05:30,SELL,6915.0,6919.25,6906.5,2.0,23.529411764705884,0.8,380,pullback,pullback,corrective,,,EICHERMOT
2025-09-17 13:30:00+05:30,SELL,6895.0,6919.25,6906.5,,,0.95,380,breakout,breakout,corrective,,,EICHERMOT
2025-09-17 13:00:00+05:30,BUY,6906.5,6906.25,6907.0,2.0,400.0,0.8,381,pullback,pullback,corrective,,,EICHERMOT
2025-09-17 13:15:00+05:30,SELL,6907.0,6913.0,6895.0,2.0,16.666666666666668,0.8,382,pullback,pullback,corrective,,,EICHERMOT
2025-09-17 13:30:00+05:30,BUY,6895.0,6893.5,6898.0,2.0,66.66666666666667,0.8,383,pullback,pullback,corrective,,,EICHERMOT
2025-09-17 14:15:00+05:30,BUY,6900.0,6893.5,6898.0,,,0.95,383,breakout,breakout,corrective,,,EICHERMOT
2025-09-17 13:45:00+05:30,SELL,6898.0,6898.5,6897.0,2.0,200.0,0.8,384,pullback,pullback,corrective,,,EICHERMOT
2025-09-17 15:00:00+05:30,SELL,6890.0,6898.5,6897.0,,,0.95,384,breakout,breakout,corrective,,,EICHERMOT
2025-09-17 14:00:00+05:30,BUY,6897.0,6895.5,6900.0,2.0,66.66666666666667,0.8,385,pullback,pullback,corrective,,,EICHERMOT
2025-09-17 14:15:00+05:30,SELL,6900.0,6905.0,6890.0,2.0,20.0,0.8,386,pullback,pullback,corrective,,,EICHERMOT
2025-09-17 15:00:00+05:30,BUY,6890.0,6873.5,6923.0,2.0,6.0606060606060606,0.8,387,pullback,pullback,corrective,,,EICHERMOT
2025-09-18 10:00:00+05:30,BUY,6934.0,6873.5,6923.0,,,0.95,387,breakout,breakout,corrective,,,EICHERMOT
2025-09-18 09:30:00+05:30,SELL,6923.0,6925.25,6918.5,2.0,44.44444444444444,0.8,388,pullback,pullback,corrective,,,EICHERMOT
2025-09-18 10:45:00+05:30,SELL,6914.5,6925.25,6918.5,,,0.95,388,breakout,breakout,corrective,,,EICHERMOT
2025-09-18 09:45:00+05:30,BUY,6918.5,6910.75,6934.0,2.0,12.903225806451612,0.8,389,pullback,pullback,corrective,,,EICHERMOT
2025-09-18 10:00:00+05:30,SELL,6934.0,6950.25,6901.5,2.0,6.153846153846154,0.8,390,pullback,pullback,corrective,,,EICHERMOT
2025-09-18 11:00:00+05:30,BUY,6901.5,6895.0,6914.5,2.0,15.384615384615385,0.8,391,pullback,pullback,corrective,,,EICHERMOT
2025-09-18 11:15:00+05:30,SELL,6914.5,6918.75,6906.0,2.0,23.529411764705884,0.8,392,pullback,pullback,corrective,,,EICHERMOT
2025-09-18 12:30:00+05:30,SELL,6883.5,6918.75,6906.0,,,0.95,392,breakout,breakout,corrective,,,EICHERMOT
2025-09-18 11:30:00+05:30,BUY,6906.0,6901.75,6914.5,2.0,23.529411764705884,0.8,393,pullback,pullback,corrective,,,EICHERMOT
2025-09-18 11:45:00+05:30,SELL,6914.5,6932.0,6879.5,2.0,5.714285714285714,0.8,394,pullback,pullback,corrective,,,EICHERMOT
2025-09-18 13:00:00+05:30,BUY,6879.5,6872.5,6893.5,2.0,14.285714285714286,0.8,395,pullback,pullback,corrective,,,EICHERMOT
2025-09-18 14:15:00+05:30,BUY,6905.0,6872.5,6893.5,,,0.95,395,breakout,breakout,corrective,,,EICHERMOT
2025-09-18 13:30:00+05:30,SELL,6893.5,6894.75,6891.0,2.0,80.0,0.8,396,pullback,pullback,corrective,,,EICHERMOT
2025-09-18 13:45:00+05:30,BUY,6891.0,6868.5,6936.0,2.0,4.444444444444445,0.8,397,pullback,pullback,corrective,,,EICHERMOT
2025-09-19 09:15:00+05:30,SELL,6936.0,6937.75,6932.5,2.0,57.142857142857146,0.8,398,pullback,pullback,corrective,,,EICHERMOT
2025-09-19 09:30:00+05:30,BUY,6932.5,6923.75,6950.0,2.0,11.428571428571429,0.8,399,pullback,pullback,corrective,,,EICHERMOT
2025-09-19 10:00:00+05:30,SELL,6950.0,6952.5,6945.0,2.0,40.0,0.8,400,pullback,pullback,corrective,,,EICHERMOT
2025-09-19 10:15:00+05:30,BUY,6945.0,6934.0,6967.0,2.0,9.090909090909092,0.8,401,pullback,pullback,corrective,,,EICHERMOT
2025-09-19 11:15:00+05:30,SELL,6967.0,6970.75,6959.5,2.0,26.666666666666668,0.8,402,pullback,pullback,corrective,,,EICHERMOT
2025-09-19 11:45:00+05:30,BUY,6959.5,6957.25,6964.0,2.0,44.44444444444444,0.8,403,pullback,pullback,corrective,,,EICHERMOT
2025-09-19 12:00:00+05:30,SELL,6964.0,6966.25,6959.5,2.0,44.44444444444444,0.8,404,pullback,pullback,corrective,,,EICHERMOT
2025-09-19 12:45:00+05:30,SELL,6957.5,6966.25,6959.5,,,0.95,404,breakout,breakout,corrective,,,EICHERMOT
2025-09-19 12:15:00+05:30,BUY,6959.5,6959.25,6960.0,2.0,400.0,0.8,405,pullback,pullback,corrective,,,EICHERMOT
2025-09-19 12:30:00+05:30,SELL,6960.0,6961.25,6957.5,2.0,80.0,0.8,406,pullback,pullback,corrective,,,EICHERMOT
2025-09-19 13:30:00+05:30,SELL,6957.0,6961.25,6957.5,,,0.95,406,breakout,breakout,corrective,,,EICHERMOT
2025-09-19 12:45:00+05:30,BUY,6957.5,6932.5,7007.5,2.0,4.0,0.8,407,pullback,pullback,corrective,,,EICHERMOT
2025-09-19 13:30:00+05:30,BUY,6957.0,6931.75,7007.5,2.0,3.9603960396039604,0.8,408,pullback,pullback,corrective,,,EICHERMOT
2025-09-19 14:30:00+05:30,SELL,7007.5,7026.75,6969.0,2.0,5.194805194805195,0.8,409,pullback,pullback,corrective,,,EICHERMOT
2025-09-22 09:15:00+05:30,SELL,6951.5,7026.75,6969.0,,,0.95,409,breakout,breakout,corrective,,,EICHERMOT
2025-09-19 15:00:00+05:30,BUY,6969.0,6963.25,6980.5,2.0,17.391304347826086,0.8,410,pullback,pullback,corrective,,,EICHERMOT
2025-09-19 15:15:00+05:30,SELL,6980.5,7000.5,6940.5,2.0,5.0,0.8,411,pullback,pullback,corrective,,,EICHERMOT
2025-09-22 09:30:00+05:30,BUY,6940.5,6916.0,6989.5,2.0,4.081632653061225,0.8,412,pullback,pullback,corrective,,,EICHERMOT
2025-09-22 10:30:00+05:30,SELL,6989.5,6990.5,6987.5,2.0,100.0,0.8,413,pullback,pullback,corrective,,,EICHERMOT
2025-09-22 10:45:00+05:30,BUY,6987.5,6984.75,6993.0,2.0,36.36363636363637,0.8,414,pullback,pullback,corrective,,,EICHERMOT
2025-09-22 11:30:00+05:30,SELL,6993.0,7005.5,6968.0,2.0,8.0,0.8,415,pullback,pullback,corrective,,,EICHERMOT
2025-09-22 12:15:00+05:30,BUY,6968.0,6950.75,7002.5,2.0,5.797101449275362,0.8,416,pullback,pullback,corrective,,,EICHERMOT
2025-09-22 12:30:00+05:30,SELL,7002.5,7010.0,6987.5,2.0,13.333333333333334,0.8,417,pullback,pullback,corrective,,,EICHERMOT
2025-09-22 13:45:00+05:30,SELL,6983.5,7010.0,6987.5,,,0.95,417,breakout,breakout,corrective,,,EICHERMOT
2025-09-22 13:00:00+05:30,BUY,6987.5,6985.25,6992.0,2.0,44.44444444444444,0.8,418,pullback,pullback,corrective,,,EICHERMOT
2025-09-22 13:15:00+05:30,SELL,6992.0,6996.25,6983.5,2.0,23.529411764705884,0.8,419,pullback,pullback,corrective,,,EICHERMOT
2025-09-22 14:15:00+05:30,SELL,6970.5,6996.25,6983.5,,,0.95,419,breakout,breakout,corrective,,,EICHERMOT
2025-09-22 13:45:00+05:30,BUY,6983.5,6983.0,6984.5,2.0,200.0,0.8,420,pullback,pullback,corrective,,,EICHERMOT
2025-09-22 14:00:00+05:30,SELL,6984.5,6998.0,6957.5,2.0,7.407407407407407,0.8,421,pullback,pullback,corrective,,,EICHERMOT
2025-09-22 15:00:00+05:30,SELL,6932.5,6998.0,6957.5,,,0.95,421,breakout,breakout,corrective,,,EICHERMOT
2025-09-22 14:30:00+05:30,BUY,6957.5,6957.25,6958.0,2.0,400.0,0.8,422,pullback,pullback,corrective,,,EICHERMOT
2025-09-23 09:15:00+05:30,BUY,7054.0,6957.25,6958.0,,,0.95,422,breakout,breakout,corrective,,,EICHERMOT
2025-09-22 14:45:00+05:30,SELL,6958.0,6970.75,6932.5,2.0,7.8431372549019605,0.8,423,pullback,pullback,corrective,,,EICHERMOT
2025-09-22 15:00:00+05:30,BUY,6932.5,6871.75,7054.0,2.0,1.646090534979424,0.8,424,pullback,pullback,corrective,,,EICHERMOT
2025-09-23 09:15:00+05:30,SELL,7054.0,7059.5,7043.0,2.0,18.181818181818183,0.8,425,pullback,pullback,corrective,,,EICHERMOT
2025-09-23 10:00:00+05:30,SELL,7036.0,7059.5,7043.0,,,0.95,425,breakout,breakout,corrective,,,EICHERMOT
2025-09-23 09:30:00+05:30,BUY,7043.0,7037.5,7054.0,2.0,18.181818181818183,0.8,426,pullback,pullback,corrective,,,EICHERMOT
2025-09-23 10:30:00+05:30,BUY,7058.5,7037.5,7054.0,,,0.95,426,breakout,breakout,corrective,,,EICHERMOT
2025-09-23 09:45:00+05:30,SELL,7054.0,7063.0,7036.0,2.0,11.11111111111111,0.8,427,pullback,pullback,corrective,,,EICHERMOT
2025-09-23 10:00:00+05:30,BUY,7036.0,7021.75,7064.5,2.0,7.017543859649122,0.8,428,pullback,pullback,corrective,,,EICHERMOT
2025-09-23 10:45:00+05:30,SELL,7064.5,7073.25,7047.0,2.0,11.428571428571429,0.8,429,pullback,pullback,corrective,,,EICHERMOT
2025-09-23 11:15:00+05:30,BUY,7047.0,7039.75,7061.5,2.0,13.793103448275861,0.8,430,pullback,pullback,corrective,,,EICHERMOT
2025-09-23 11:30:00+05:30,SELL,7061.5,7066.75,7051.0,2.0,19.047619047619047,0.8,431,pullback,pullback,corrective,,,EICHERMOT
2025-09-23 12:45:00+05:30,SELL,7028.0,7066.75,7051.0,,,0.95,431,breakout,breakout,corrective,,,EICHERMOT
2025-09-23 12:00:00+05:30,BUY,7051.0,7028.75,7006.5,2.0,4.49438202247191,0.8,432,pullback,pullback,corrective,,,EICHERMOT
2025-09-23 12:15:00+05:30,BUY,7055.0,7028.75,7006.5,,,0.95,432,breakout,breakout,corrective,,,EICHERMOT
2025-09-23 13:45:00+05:30,BUY,6993.5,6987.0,7006.5,2.0,15.384615384615385,0.8,433,pullback,pullback,corrective,,,EICHERMOT
2025-09-23 14:15:00+05:30,SELL,7006.5,7027.5,6964.5,2.0,4.761904761904762,0.8,434,pullback,pullback,corrective,,,EICHERMOT
2025-09-24 09:15:00+05:30,BUY,6964.5,6924.25,7045.0,2.0,2.484472049689441,0.8,435,pullback,pullback,corrective,,,EICHERMOT
2025-09-24 09:45:00+05:30,SELL,7045.0,7063.75,7007.5,2.0,5.333333333333333,0.8,436,pullback,pullback,corrective,,,EICHERMOT
2025-09-24 11:15:00+05:30,BUY,7007.5,6999.0,7024.5,2.0,11.764705882352942,0.8,437,pullback,pullback,corrective,,,EICHERMOT
2025-09-24 12:30:00+05:30,BUY,7027.0,6999.0,7024.5,,,0.95,437,breakout,breakout,corrective,,,EICHERMOT
2025-09-24 11:45:00+05:30,SELL,7024.5,7029.75,7014.0,2.0,19.047619047619047,0.8,438,pullback,pullback,corrective,,,EICHERMOT
2025-09-24 12:00:00+05:30,BUY,7014.0,7000.25,7041.5,2.0,7.2727272727272725,0.8,439,pullback,pullback,corrective,,,EICHERMOT
2025-09-24 13:00:00+05:30,SELL,7041.5,7058.75,7007.0,2.0,5.797101449275362,0.8,440,pullback,pullback,corrective,,,EICHERMOT
2025-09-24 14:00:00+05:30,SELL,7028.5,7039.25,7007.0,2.0,9.30232558139535,0.8,441,pullback,pullback,corrective,,,EICHERMOT
2025-09-24 15:00:00+05:30,BUY,7007.0,6998.0,7025.0,2.0,11.11111111111111,0.8,442,pullback,pullback,corrective,,,EICHERMOT
2025-09-24 15:15:00+05:30,SELL,7025.0,7037.0,7001.0,2.0,8.333333333333334,0.8,443,pullback,pullback,corrective,,,EICHERMOT
2025-09-25 09:30:00+05:30,BUY,7001.0,6997.75,7007.5,2.0,30.76923076923077,0.8,444,pullback,pullback,corrective,,,EICHERMOT
2025-09-25 10:15:00+05:30,BUY,7021.0,6997.75,7007.5,,,0.95,444,breakout,breakout,corrective,,,EICHERMOT
2025-09-25 09:45:00+05:30,SELL,7007.5,7010.0,7002.5,2.0,40.0,0.8,445,pullback,pullback,corrective,,,EICHERMOT
2025-09-25 10:30:00+05:30,SELL,6998.5,7010.0,7002.5,,,0.95,445,breakout,breakout,corrective,,,EICHERMOT
2025-09-25 10:00:00+05:30,BUY,7002.5,6993.25,7021.0,2.0,10.81081081081081,0.8,446,pullback,pullback,corrective,,,EICHERMOT
2025-09-25 11:00:00+05:30,BUY,7025.0,6993.25,7021.0,,,0.95,446,breakout,breakout,corrective,,,EICHERMOT
2025-09-25 10:15:00+05:30,SELL,7021.0,7032.25,6998.5,2.0,8.88888888888889,0.8,447,pullback,pullback,corrective,,,EICHERMOT
2025-09-25 10:30:00+05:30,BUY,6998.5,6985.25,7025.0,2.0,7.547169811320755,0.8,448,pullback,pullback,corrective,,,EICHERMOT
2025-09-25 11:45:00+05:30,BUY,7028.5,6985.25,7025.0,,,0.95,448,breakout,breakout,corrective,,,EICHERMOT
2025-09-25 11:00:00+05:30,SELL,7025.0,7028.5,7018.0,2.0,28.571428571428573,0.8,449,pullback,pullback,corrective,,,EICHERMOT
2025-09-25 12:00:00+05:30,SELL,7016.5,7028.5,7018.0,,,0.95,449,breakout,breakout,corrective,,,EICHERMOT
2025-09-25 11:30:00+05:30,BUY,7018.0,7012.75,7028.5,2.0,19.047619047619047,0.8,450,pullback,pullback,corrective,,,EICHERMOT
2025-09-25 11:45:00+05:30,SELL,7028.5,7034.5,7016.5,2.0,16.666666666666668,0.8,451,pullback,pullback,corrective,,,EICHERMOT
2025-09-25 12:30:00+05:30,SELL,7009.0,7034.5,7016.5,,,0.95,451,breakout,breakout,corrective,,,EICHERMOT
2025-09-25 12:00:00+05:30,BUY,7016.5,7013.75,7022.0,2.0,36.36363636363637,0.8,452,pullback,pullback,corrective,,,EICHERMOT
2025-09-25 12:15:00+05:30,SELL,7022.0,7045.5,6975.0,2.0,4.25531914893617,0.8,453,pullback,pullback,corrective,,,EICHERMOT
2025-09-25 13:45:00+05:30,SELL,7037.5,7068.75,6975.0,2.0,3.2,0.8,454,pullback,pullback,corrective,,,EICHERMOT
2025-09-25 15:15:00+05:30,BUY,6975.0,6932.5,7060.0,2.0,2.3529411764705883,0.8,455,pullback,pullback,corrective,,,EICHERMOT
2025-09-26 09:45:00+05:30,SELL,7060.0,7069.0,7042.0,2.0,11.11111111111111,0.8,456,pullback,pullback,corrective,,,EICHERMOT
2025-09-26 10:15:00+05:30,BUY,7042.0,7038.5,7049.0,2.0,28.571428571428573,0.8,457,pullback,pullback,corrective,,,EICHERMOT
2025-09-26 11:15:00+05:30,BUY,7052.0,7038.5,7049.0,,,0.95,457,breakout,breakout,corrective,,,EICHERMOT
2025-09-26 10:45:00+05:30,SELL,7049.0,7049.25,7048.5,2.0,400.0,0.8,458,pullback,pullback,corrective,,,EICHERMOT
2025-09-26 11:30:00+05:30,SELL,7046.0,7049.25,7048.5,,,0.95,458,breakout,breakout,corrective,,,EICHERMOT
2025-09-26 11:00:00+05:30,BUY,7048.5,7046.75,7052.0,2.0,57.142857142857146,0.8,459,pullback,pullback,corrective,,,EICHERMOT
2025-09-26 11:45:00+05:30,BUY,7056.5,7046.75,7052.0,,,0.95,459,breakout,breakout,corrective,,,EICHERMOT
2025-09-26 11:15:00+05:30,SELL,7052.0,7055.0,7046.0,2.0,33.333333333333336,0.8,460,pullback,pullback,corrective,,,EICHERMOT
2025-09-26 11:30:00+05:30,BUY,7046.0,7040.75,7056.5,2.0,19.047619047619047,0.8,461,pullback,pullback,corrective,,,EICHERMOT
2025-09-26 12:15:00+05:30,BUY,7061.5,7040.75,7056.5,,,0.95,461,breakout,breakout,corrective,,,EICHERMOT
2025-09-26 11:45:00+05:30,SELL,7056.5,7061.25,7047.0,2.0,21.05263157894737,0.8,462,pullback,pullback,corrective,,,EICHERMOT
2025-09-26 12:00:00+05:30,BUY,7047.0,7030.75,7079.5,2.0,6.153846153846154,0.8,463,pullback,pullback,corrective,,,EICHERMOT
2025-09-26 12:45:00+05:30,SELL,7079.5,7117.0,7004.5,2.0,2.6666666666666665,0.8,464,pullback,pullback,corrective,,,EICHERMOT
2025-09-26 13:45:00+05:30,BUY,7004.5,6991.75,7030.0,2.0,7.8431372549019605,0.8,465,pullback,pullback,corrective,,,EICHERMOT
2025-09-26 14:15:00+05:30,BUY,7036.0,6991.75,7030.0,,,0.95,465,breakout,breakout,corrective,,,EICHERMOT
2025-09-29 09:45:00+05:30,BUY,7020.5,7015.75,7030.0,2.0,21.05263157894737,0.8,466,pullback,pullback,corrective,,,EICHERMOT
2025-09-29 10:30:00+05:30,SELL,7030.0,7049.0,6992.0,2.0,5.2631578947368425,0.8,467,pullback,pullback,corrective,,,EICHERMOT
2025-09-29 11:30:00+05:30,BUY,6992.0,6988.0,7000.0,2.0,25.0,0.8,468,pullback,pullback,corrective,,,EICHERMOT
2025-09-29 12:15:00+05:30,BUY,7015.0,6988.0,7000.0,,,0.95,468,breakout,breakout,corrective,,,EICHERMOT
2025-09-29 11:45:00+05:30,SELL,7000.0,7001.0,6998.0,2.0,100.0,0.8,469,pullback,pullback,corrective,,,EICHERMOT
2025-09-29 12:00:00+05:30,BUY,6998.0,6989.5,7015.0,2.0,11.764705882352942,0.8,470,pullback,pullback,corrective,,,EICHERMOT
2025-09-29 13:00:00+05:30,BUY,7024.5,6989.5,7015.0,,,0.95,470,breakout,breakout,corrective,,,EICHERMOT
2025-09-29 12:15:00+05:30,SELL,7015.0,7018.25,7008.5,2.0,30.76923076923077,0.8,471,pullback,pullback,corrective,,,EICHERMOT
2025-09-29 12:30:00+05:30,BUY,7008.5,7000.5,7024.5,2.0,12.5,0.8,472,pullback,pullback,corrective,,,EICHERMOT
2025-09-29 13:45:00+05:30,BUY,7037.0,7000.5,7024.5,,,0.95,472,breakout,breakout,corrective,,,EICHERMOT
2025-09-29 13:00:00+05:30,SELL,7024.5,7026.75,7020.0,2.0,44.44444444444444,0.8,473,pullback,pullback,corrective,,,EICHERMOT
2025-09-29 14:15:00+05:30,SELL,7004.5,7026.75,7020.0,,,0.95,473,breakout,breakout,corrective,,,EICHERMOT
2025-09-29 13:15:00+05:30,BUY,7020.0,7011.5,7037.0,2.0,11.764705882352942,0.8,474,pullback,pullback,corrective,,,EICHERMOT
2025-09-29 13:45:00+05:30,SELL,7037.0,7055.0,7001.0,2.0,5.555555555555555,0.8,475,pullback,pullback,corrective,,,EICHERMOT
2025-09-29 15:00:00+05:30,SELL,6976.5,7055.0,7001.0,,,0.95,475,breakout,breakout,corrective,,,EICHERMOT
2025-09-29 14:30:00+05:30,BUY,7001.0,6994.0,7015.0,2.0,14.285714285714286,0.8,476,pullback,pullback,corrective,,,EICHERMOT
2025-09-29 14:45:00+05:30,SELL,7015.0,7035.75,6973.5,2.0,4.819277108433735,0.8,477,pullback,pullback,corrective,,,EICHERMOT
2025-09-29 15:15:00+05:30,BUY,6973.5,6967.5,6985.5,2.0,16.666666666666668,0.8,478,pullback,pullback,corrective,,,EICHERMOT
2025-09-30 09:30:00+05:30,SELL,6985.5,6991.0,6974.5,2.0,18.181818181818183,0.8,479,pullback,pullback,corrective,,,EICHERMOT
2025-09-30 10:45:00+05:30,SELL,6954.0,6991.0,6974.5,,,0.95,479,breakout,breakout,corrective,,,EICHERMOT
2025-09-30 09:45:00+05:30,BUY,6974.5,6970.5,6982.5,2.0,25.0,0.8,480,pullback,pullback,corrective,,,EICHERMOT
2025-09-30 10:30:00+05:30,SELL,6982.5,6996.75,6954.0,2.0,7.017543859649122,0.8,481,pullback,pullback,corrective,,,EICHERMOT
2025-09-30 10:45:00+05:30,BUY,6954.0,6947.25,6967.5,2.0,14.814814814814815,0.8,482,pullback,pullback,corrective,,,EICHERMOT
2025-09-30 11:30:00+05:30,BUY,6978.5,6947.25,6967.5,,,0.95,482,breakout,breakout,corrective,,,EICHERMOT
2025-09-30 11:00:00+05:30,SELL,6967.5,6969.75,6963.0,2.0,44.44444444444444,0.8,483,pullback,pullback,corrective,,,EICHERMOT
2025-09-30 11:15:00+05:30,BUY,6963.0,6941.0,7007.0,2.0,4.545454545454546,0.8,484,pullback,pullback,corrective,,,EICHERMOT
2025-09-30 12:30:00+05:30,BUY,7011.0,6941.0,7007.0,,,0.95,484,breakout,breakout,corrective,,,EICHERMOT
2025-09-30 12:00:00+05:30,SELL,7007.0,7008.5,7004.0,2.0,66.66666666666667,0.8,485,pullback,pullback,corrective,,,EICHERMOT
2025-09-30 12:15:00+05:30,BUY,7004.0,6995.25,7021.5,2.0,11.428571428571429,0.8,486,pullback,pullback,corrective,,,EICHERMOT
2025-09-30 13:00:00+05:30,SELL,7021.5,7027.5,7009.5,2.0,16.666666666666668,0.8,487,pullback,pullback,corrective,,,EICHERMOT
2025-09-30 14:00:00+05:30,SELL,6998.0,7027.5,7009.5,,,0.95,487,breakout,breakout,corrective,,,EICHERMOT
2025-09-30 13:30:00+05:30,BUY,7009.5,7008.0,7012.5,2.0,66.66666666666667,0.8,488,pullback,pullback,corrective,,,EICHERMOT
2025-09-30 14:30:00+05:30,BUY,7016.0,7008.0,7012.5,,,0.95,488,breakout,breakout,corrective,,,EICHERMOT
2025-09-30 13:45:00+05:30,SELL,7012.5,7019.75,6998.0,2.0,13.793103448275861,0.8,489,pullback,pullback,corrective,,,EICHERMOT
2025-09-30 14:00:00+05:30,BUY,6998.0,6989.0,7016.0,2.0,11.11111111111111,0.8,490,pullback,pullback,corrective,,,EICHERMOT
2025-09-30 14:30:00+05:30,SELL,7016.0,7023.25,7001.5,2.0,13.793103448275861,0.8,491,pullback,pullback,corrective,,,EICHERMOT
2025-09-30 15:00:00+05:30,BUY,7001.5,6982.75,7039.0,2.0,5.333333333333333,0.8,492,pullback,pullback,corrective,,,EICHERMOT
2025-10-01 09:15:00+05:30,SELL,7039.0,7062.25,6992.5,2.0,4.301075268817204,0.8,493,pullback,pullback,corrective,,,EICHERMOT
2025-10-01 09:45:00+05:30,BUY,6992.5,6975.0,7027.5,2.0,5.714285714285714,0.8,494,pullback,pullback,corrective,,,EICHERMOT
2025-10-01 10:45:00+05:30,SELL,7027.5,7029.25,7024.0,2.0,57.142857142857146,0.8,495,pullback,pullback,corrective,,,EICHERMOT
2025-10-01 11:15:00+05:30,BUY,7024.0,7014.75,7042.5,2.0,10.81081081081081,0.8,496,pullback,pullback,corrective,,,EICHERMOT
2025-10-01 12:15:00+05:30,BUY,7027.5,7020.0,7042.5,2.0,13.333333333333334,0.8,497,pullback,pullback,corrective,,,EICHERMOT
2025-10-01 13:30:00+05:30,BUY,7034.5,7030.5,7042.5,2.0,25.0,0.8,498,pullback,pullback,corrective,,,EICHERMOT
2025-10-01 14:30:00+05:30,BUY,7051.0,7030.5,7042.5,,,0.95,498,breakout,breakout,corrective,,,EICHERMOT
2025-10-01 13:45:00+05:30,SELL,7042.5,7045.75,7036.0,2.0,30.76923076923077,0.8,499,pullback,pullback,corrective,,,EICHERMOT
2025-10-01 15:00:00+05:30,SELL,7033.5,7045.75,7036.0,,,0.95,499,breakout,breakout,corrective,,,EICHERMOT
2025-10-01 14:00:00+05:30,BUY,7036.0,7028.5,7051.0,2.0,13.333333333333334,0.8,500,pullback,pullback,corrective,,,EICHERMOT
2025-10-01 14:30:00+05:30,SELL,7051.0,7138.75,6875.5,2.0,1.1396011396011396,0.8,501,pullback,pullback,corrective,,,EICHERMOT
2025-10-03 09:15:00+05:30,BUY,6875.5,6868.75,6889.0,2.0,14.814814814814815,0.8,502,pullback,pullback,impulse,,,EICHERMOT
2025-10-03 10:15:00+05:30,BUY,6897.5,6868.75,6889.0,,,0.95,502,breakout,breakout,impulse,,,EICHERMOT
2025-10-03 09:30:00+05:30,SELL,6889.0,6901.5,6864.0,2.0,8.0,0.8,503,pullback,pullback,corrective,,,EICHERMOT
2025-10-03 10:00:00+05:30,BUY,6864.0,6847.25,6897.5,2.0,5.970149253731344,0.8,504,pullback,pullback,corrective,,,EICHERMOT
2025-10-03 11:00:00+05:30,BUY,6933.5,6847.25,6897.5,,,0.95,504,breakout,breakout,corrective,,,EICHERMOT
2025-10-03 10:15:00+05:30,SELL,6897.5,6908.5,6875.5,2.0,9.090909090909092,0.8,505,pullback,pullback,corrective,,,EICHERMOT
2025-10-03 10:30:00+05:30,BUY,6875.5,6846.5,6933.5,2.0,3.4482758620689653,0.8,506,pullback,pullback,corrective,,,EICHERMOT
2025-10-03 11:00:00+05:30,SELL,6933.5,6936.5,6927.5,2.0,33.333333333333336,0.8,507,pullback,pullback,corrective,,,EICHERMOT
2025-10-03 11:45:00+05:30,SELL,6914.5,6936.5,6927.5,,,0.95,507,breakout,breakout,corrective,,,EICHERMOT
2025-10-03 11:15:00+05:30,BUY,6927.5,6925.75,6931.0,2.0,57.142857142857146,0.8,508,pullback,pullback,corrective,,,EICHERMOT
2025-10-03 12:00:00+05:30,BUY,6946.0,6925.75,6931.0,,,0.95,508,breakout,breakout,corrective,,,EICHERMOT
2025-10-03 11:30:00+05:30,SELL,6931.0,6939.25,6914.5,2.0,12.121212121212121,0.8,509,pullback,pullback,corrective,,,EICHERMOT
2025-10-03 11:45:00+05:30,BUY,6914.5,6881.75,6980.0,2.0,3.053435114503817,0.8,510,pullback,pullback,corrective,,,EICHERMOT
2025-10-03 13:15:00+05:30,SELL,6980.0,7009.0,6922.0,2.0,3.4482758620689653,0.8,511,pullback,pullback,corrective,,,EICHERMOT
2025-10-03 14:00:00+05:30,BUY,6922.0,6905.5,6955.0,2.0,6.0606060606060606,0.8,512,pullback,pullback,corrective,,,EICHERMOT
2025-10-03 14:30:00+05:30,SELL,6955.0,6979.75,6905.5,2.0,4.040404040404041,0.8,513,pullback,pullback,corrective,,,EICHERMOT
2025-10-06 09:15:00+05:30,BUY,6905.5,6896.5,6923.5,2.0,11.11111111111111,0.8,514,pullback,pullback,corrective,,,EICHERMOT
2025-10-06 09:45:00+05:30,SELL,6923.5,6927.75,6915.0,2.0,23.529411764705884,0.8,515,pullback,pullback,corrective,,,EICHERMOT
2025-10-06 10:00:00+05:30,BUY,6915.0,6896.0,6877.0,2.0,5.2631578947368425,0.8,516,pullback,pullback,corrective,,,EICHERMOT
2025-10-06 10:15:00+05:30,BUY,6917.0,6896.0,6877.0,,,0.95,516,breakout,breakout,corrective,,,EICHERMOT
2025-10-06 11:45:00+05:30,BUY,6875.0,6874.0,6877.0,2.0,100.0,0.8,517,pullback,pullback,corrective,,,EICHERMOT
2025-10-06 12:30:00+05:30,BUY,6878.0,6874.0,6877.0,,,0.95,517,breakout,breakout,corrective,,,EICHERMOT
2025-10-06 12:00:00+05:30,SELL,6877.0,6879.0,6873.0,2.0,50.0,0.8,518,pullback,pullback,corrective,,,EICHERMOT
2025-10-06 12:15:00+05:30,BUY,6873.0,6867.5,6884.0,2.0,18.181818181818183,0.8,519,pullback,pullback,corrective,,,EICHERMOT
2025-10-06 12:45:00+05:30,SELL,6884.0,6885.25,6881.5,2.0,80.0,0.8,520,pullback,pullback,corrective,,,EICHERMOT
2025-10-06 13:30:00+05:30,SELL,6872.0,6885.25,6881.5,,,0.95,520,breakout,breakout,corrective,,,EICHERMOT
2025-10-06 13:00:00+05:30,BUY,6881.5,6881.25,6882.0,2.0,400.0,0.8,521,pullback,pullback,corrective,,,EICHERMOT
2025-10-06 13:45:00+05:30,BUY,6882.5,6881.25,6882.0,,,0.95,521,breakout,breakout,corrective,,,EICHERMOT
2025-10-06 13:15:00+05:30,SELL,6882.0,6887.0,6872.0,2.0,20.0,0.8,522,pullback,pullback,corrective,,,EICHERMOT
2025-10-06 13:30:00+05:30,BUY,6872.0,6864.0,6888.0,2.0,12.5,0.8,523,pullback,pullback,corrective,,,EICHERMOT
2025-10-06 14:00:00+05:30,SELL,6888.0,6895.0,6874.0,2.0,14.285714285714286,0.8,524,pullback,pullback,corrective,,,EICHERMOT
2025-10-06 14:30:00+05:30,BUY,6874.0,6867.25,6887.5,2.0,14.814814814814815,0.8,525,pullback,pullback,corrective,,,EICHERMOT
2025-10-07 09:15:00+05:30,BUY,6918.0,6867.25,6887.5,,,0.95,525,breakout,breakout,corrective,,,EICHERMOT
2025-10-06 14:45:00+05:30,SELL,6887.5,6893.25,6876.0,2.0,17.391304347826086,0.8,526,pullback,pullback,corrective,,,EICHERMOT
2025-10-06 15:15:00+05:30,BUY,6876.0,6855.0,6918.0,2.0,4.761904761904762,0.8,527,pullback,pullback,corrective,,,EICHERMOT
2025-10-07 10:00:00+05:30,BUY,6950.5,6855.0,6918.0,,,0.95,527,breakout,breakout,corrective,,,EICHERMOT
2025-10-07 09:15:00+05:30,SELL,6918.0,6920.25,6913.5,2.0,44.44444444444444,0.8,528,pullback,pullback,corrective,,,EICHERMOT
2025-10-07 09:30:00+05:30,BUY,6913.5,6884.75,6971.0,2.0,3.4782608695652173,0.8,529,pullback,pullback,corrective,,,EICHERMOT
2025-10-07 10:45:00+05:30,SELL,6971.0,6979.75,6953.5,2.0,11.428571428571429,0.8,530,pullback,pullback,corrective,,,EICHERMOT
2025-10-07 11:15:00+05:30,BUY,6953.5,6941.25,6978.0,2.0,8.16326530612245,0.8,531,pullback,pullback,corrective,,,EICHERMOT
2025-10-07 12:15:00+05:30,BUY,6982.0,6941.25,6978.0,,,0.95,531,breakout,breakout,corrective,,,EICHERMOT
2025-10-07 11:45:00+05:30,SELL,6978.0,6979.75,6974.5,2.0,57.142857142857146,0.8,532,pullback,pullback,corrective,,,EICHERMOT
2025-10-07 12:00:00+05:30,BUY,6974.5,6970.75,6982.0,2.0,26.666666666666668,0.8,533,pullback,pullback,corrective,,,EICHERMOT
2025-10-07 12:45:00+05:30,BUY,6998.0,6970.75,6982.0,,,0.95,533,breakout,breakout,corrective,,,EICHERMOT
2025-10-07 12:15:00+05:30,SELL,6982.0,6984.25,6977.5,2.0,44.44444444444444,0.8,534,pullback,pullback,corrective,,,EICHERMOT
2025-10-07 12:30:00+05:30,BUY,6977.5,6967.25,6998.0,2.0,9.75609756097561,0.8,535,pullback,pullback,corrective,,,EICHERMOT
2025-10-07 12:45:00+05:30,SELL,6998.0,7006.5,6981.0,2.0,11.764705882352942,0.8,536,pullback,pullback,corrective,,,EICHERMOT
2025-10-07 13:45:00+05:30,BUY,6981.0,6980.0,6983.0,2.0,100.0,0.8,537,pullback,pullback,corrective,,,EICHERMOT
2025-10-07 14:00:00+05:30,SELL,6983.0,6995.25,6958.5,2.0,8.16326530612245,0.8,538,pullback,pullback,corrective,,,EICHERMOT
2025-10-07 15:00:00+05:30,SELL,6955.5,6995.25,6958.5,,,0.95,538,breakout,breakout,corrective,,,EICHERMOT
2025-10-07 14:30:00+05:30,BUY,6958.5,6958.0,6959.5,2.0,200.0,0.8,539,pullback,pullback,corrective,,,EICHERMOT
2025-10-08 09:15:00+05:30,BUY,6968.0,6958.0,6959.5,,,0.95,539,breakout,breakout,corrective,,,EICHERMOT
2025-10-07 14:45:00+05:30,SELL,6959.5,6961.5,6955.5,2.0,50.0,0.8,540,pullback,pullback,corrective,,,EICHERMOT
2025-10-07 15:00:00+05:30,BUY,6955.5,6942.0,6982.5,2.0,7.407407407407407,0.8,541,pullback,pullback,corrective,,,EICHERMOT
2025-10-08 10:00:00+05:30,BUY,6991.0,6942.0,6982.5,,,0.95,541,breakout,breakout,corrective,,,EICHERMOT
2025-10-08 09:30:00+05:30,SELL,6982.5,6987.25,6973.0,2.0,21.05263157894737,0.8,542,pullback,pullback,corrective,,,EICHERMOT
2025-10-08 09:45:00+05:30,BUY,6973.0,6964.0,6991.0,2.0,11.11111111111111,0.8,543,pullback,pullback,corrective,,,EICHERMOT
2025-10-08 10:00:00+05:30,SELL,6991.0,6993.25,6986.5,2.0,44.44444444444444,0.8,544,pullback,pullback,corrective,,,EICHERMOT
2025-10-08 10:45:00+05:30,SELL,6974.0,6993.25,6986.5,,,0.95,544,breakout,breakout,corrective,,,EICHERMOT
2025-10-08 10:15:00+05:30,BUY,6986.5,6985.0,6989.5,2.0,66.66666666666667,0.8,545,pullback,pullback,corrective,,,EICHERMOT
2025-10-08 10:30:00+05:30,SELL,6989.5,7000.25,6968.0,2.0,9.30232558139535,0.8,546,pullback,pullback,corrective,,,EICHERMOT
2025-10-08 11:00:00+05:30,BUY,6968.0,6958.25,6987.5,2.0,10.256410256410257,0.8,547,pullback,pullback,corrective,,,EICHERMOT
2025-10-08 11:30:00+05:30,SELL,6987.5,6991.25,6980.0,2.0,26.666666666666668,0.8,548,pullback,pullback,corrective,,,EICHERMOT
2025-10-08 12:15:00+05:30,SELL,6977.0,6991.25,6980.0,,,0.95,548,breakout,breakout,corrective,,,EICHERMOT
2025-10-08 11:45:00+05:30,BUY,6980.0,6978.25,6983.5,2.0,57.142857142857146,0.8,549,pullback,pullback,corrective,,,EICHERMOT
2025-10-08 12:00:00+05:30,SELL,6983.5,6988.25,6974.0,2.0,21.05263157894737,0.8,550,pullback,pullback,corrective,,,EICHERMOT
2025-10-08 12:30:00+05:30,BUY,6974.0,6969.75,6982.5,2.0,23.529411764705884,0.8,551,pullback,pullback,corrective,,,EICHERMOT
2025-10-08 12:45:00+05:30,SELL,6982.5,6990.75,6966.0,2.0,12.121212121212121,0.8,552,pullback,pullback,corrective,,,EICHERMOT
2025-10-08 14:00:00+05:30,SELL,6949.0,6990.75,6966.0,,,0.95,552,breakout,breakout,corrective,,,EICHERMOT
2025-10-08 13:30:00+05:30,BUY,6966.0,6962.75,6972.5,2.0,30.76923076923077,0.8,553,pullback,pullback,corrective,,,EICHERMOT
2025-10-08 13:45:00+05:30,SELL,6972.5,6994.75,6928.0,2.0,4.49438202247191,0.8,554,pullback,pullback,corrective,,,EICHERMOT
2025-10-08 14:45:00+05:30,SELL,6903.5,6994.75,6928.0,,,0.95,554,breakout,breakout,corrective,,,EICHERMOT
2025-10-08 14:15:00+05:30,BUY,6928.0,6927.25,6929.5,2.0,133.33333333333334,0.8,555,pullback,pullback,corrective,,,EICHERMOT
2025-10-08 14:30:00+05:30,SELL,6929.5,6979.75,6829.0,2.0,1.9900497512437811,0.8,556,pullback,pullback,corrective,,,EICHERMOT
2025-10-09 09:30:00+05:30,BUY,6829.0,6764.75,6957.5,2.0,1.556420233463035,0.8,557,pullback,pullback,corrective,,,EICHERMOT
2025-10-09 11:00:00+05:30,SELL,6957.5,6981.5,6909.5,2.0,4.166666666666667,0.8,558,pullback,pullback,corrective,,,EICHERMOT
2025-10-09 11:45:00+05:30,BUY,6909.5,6902.5,6923.5,2.0,14.285714285714286,0.8,559,pullback,pullback,corrective,,,EICHERMOT
2025-10-09 12:30:00+05:30,SELL,6923.5,6935.25,6900.0,2.0,8.51063829787234,0.8,560,pullback,pullback,corrective,,,EICHERMOT
2025-10-09 13:30:00+05:30,SELL,6899.5,6935.25,6900.0,,,0.95,560,breakout,breakout,corrective,,,EICHERMOT
2025-10-09 13:00:00+05:30,BUY,6900.0,6895.25,6909.5,2.0,21.05263157894737,0.8,561,pullback,pullback,corrective,,,EICHERMOT
2025-10-09 13:15:00+05:30,SELL,6909.5,6932.25,6864.0,2.0,4.395604395604396,0.8,562,pullback,pullback,corrective,,,EICHERMOT
2025-10-09 14:15:00+05:30,BUY,6864.0,6850.0,6892.0,2.0,7.142857142857143,0.8,563,pullback,pullback,corrective,,,EICHERMOT
2025-10-10 09:15:00+05:30,BUY,6920.0,6850.0,6892.0,,,0.95,563,breakout,breakout,corrective,,,EICHERMOT
2025-10-09 15:00:00+05:30,SELL,6892.0,6898.0,6880.0,2.0,16.666666666666668,0.8,564,pullback,pullback,corrective,,,EICHERMOT
2025-10-09 15:15:00+05:30,BUY,6880.0,6846.25,6947.5,2.0,2.962962962962963,0.8,565,pullback,pullback,corrective,,,EICHERMOT
2025-10-10 09:45:00+05:30,SELL,6947.5,6957.0,6928.5,2.0,10.526315789473685,0.8,566,pullback,pullback,corrective,,,EICHERMOT
2025-10-10 10:30:00+05:30,BUY,6928.5,6920.5,6944.5,2.0,12.5,0.8,567,pullback,pullback,corrective,,,EICHERMOT
2025-10-10 11:45:00+05:30,BUY,6945.0,6920.5,6944.5,,,0.95,567,breakout,breakout,corrective,,,EICHERMOT
2025-10-10 10:45:00+05:30,SELL,6944.5,6950.75,6932.0,2.0,16.0,0.8,568,pullback,pullback,corrective,,,EICHERMOT
2025-10-10 11:30:00+05:30,BUY,6932.0,6911.0,6974.0,2.0,4.761904761904762,0.8,569,pullback,pullback,corrective,,,EICHERMOT
2025-10-10 12:30:00+05:30,SELL,6974.0,6978.5,6965.0,2.0,22.22222222222222,0.8,570,pullback,pullback,corrective,,,EICHERMOT
2025-10-10 12:45:00+05:30,BUY,6965.0,6962.5,6970.0,2.0,40.0,0.8,571,pullback,pullback,corrective,,,EICHERMOT
2025-10-10 13:00:00+05:30,SELL,6970.0,6987.25,7004.5,2.0,5.797101449275362,0.8,572,pullback,pullback,corrective,,,EICHERMOT
2025-10-10 13:15:00+05:30,SELL,6966.0,6987.25,7004.5,,,0.95,572,breakout,breakout,corrective,,,EICHERMOT
2025-10-10 14:00:00+05:30,SELL,6969.0,6986.75,7004.5,2.0,5.633802816901408,0.8,573,pullback,pullback,corrective,,,EICHERMOT
2025-10-10 14:15:00+05:30,SELL,6966.5,6986.75,7004.5,,,0.95,573,breakout,breakout,corrective,,,EICHERMOT
2025-10-13 09:30:00+05:30,SELL,7028.0,7039.75,7004.5,2.0,8.51063829787234,0.8,574,pullback,pullback,corrective,,,EICHERMOT
2025-10-13 10:15:00+05:30,SELL,6981.0,7039.75,7004.5,,,0.95,574,breakout,breakout,corrective,,,EICHERMOT
2025-10-13 09:45:00+05:30,BUY,7004.5,7004.0,7005.5,2.0,200.0,0.8,575,pullback,pullback,corrective,,,EICHERMOT
2025-10-13 10:00:00+05:30,SELL,7005.5,7032.75,6951.0,2.0,3.669724770642202,0.8,576,pullback,pullback,corrective,,,EICHERMOT
2025-10-13 11:00:00+05:30,BUY,6951.0,6943.25,6966.5,2.0,12.903225806451612,0.8,577,pullback,pullback,corrective,,,EICHERMOT
2025-10-13 11:15:00+05:30,SELL,6966.5,6973.25,6953.0,2.0,14.814814814814815,0.8,578,pullback,pullback,corrective,,,EICHERMOT
2025-10-13 12:00:00+05:30,SELL,6951.0,6973.25,6953.0,,,0.95,578,breakout,breakout,corrective,,,EICHERMOT
2025-10-13 11:30:00+05:30,BUY,6953.0,6949.5,6960.0,2.0,28.571428571428573,0.8,579,pullback,pullback,corrective,,,EICHERMOT
2025-10-13 11:45:00+05:30,SELL,6960.0,6970.5,6939.0,2.0,9.523809523809524,0.8,580,pullback,pullback,corrective,,,EICHERMOT
2025-10-13 12:45:00+05:30,BUY,6939.0,6935.25,6946.5,2.0,26.666666666666668,0.8,581,pullback,pullback,corrective,,,EICHERMOT
2025-10-13 13:00:00+05:30,SELL,6946.5,6957.25,6925.0,2.0,9.30232558139535,0.8,582,pullback,pullback,corrective,,,EICHERMOT
2025-10-13 13:45:00+05:30,SELL,6919.5,6957.25,6925.0,,,0.95,582,breakout,breakout,corrective,,,EICHERMOT
2025-10-13 13:15:00+05:30,BUY,6925.0,6921.0,6933.0,2.0,25.0,0.8,583,pullback,pullback,corrective,,,EICHERMOT
2025-10-13 13:30:00+05:30,SELL,6933.0,6942.25,6914.5,2.0,10.81081081081081,0.8,584,pullback,pullback,corrective,,,EICHERMOT
2025-10-13 14:30:00+05:30,SELL,6913.0,6942.25,6914.5,,,0.95,584,breakout,breakout,corrective,,,EICHERMOT
2025-10-13 14:00:00+05:30,BUY,6914.5,6912.75,6918.0,2.0,57.142857142857146,0.8,585,pullback,pullback,corrective,,,EICHERMOT
2025-10-13 14:15:00+05:30,SELL,6918.0,6922.0,6910.0,2.0,25.0,0.8,586,pullback,pullback,corrective,,,EICHERMOT
2025-10-14 09:15:00+05:30,SELL,6897.0,6922.0,6910.0,,,0.95,586,breakout,breakout,corrective,,,EICHERMOT
2025-10-13 14:45:00+05:30,BUY,6910.0,6906.0,6918.0,2.0,25.0,0.8,587,pullback,pullback,corrective,,,EICHERMOT
2025-10-13 15:15:00+05:30,SELL,6918.0,6948.25,6857.5,2.0,3.3057851239669422,0.8,588,pullback,pullback,corrective,,,EICHERMOT
2025-10-14 10:00:00+05:30,SELL,6828.0,6948.25,6857.5,,,0.95,588,breakout,breakout,corrective,,,EICHERMOT
2025-10-14 09:30:00+05:30,BUY,6857.5,6855.25,6862.0,2.0,44.44444444444444,0.8,589,pullback,pullback,corrective,,,EICHERMOT
2025-10-14 09:45:00+05:30,SELL,6862.0,6879.0,6828.0,2.0,5.882352941176471,0.8,590,pullback,pullback,corrective,,,EICHERMOT
2025-10-14 10:00:00+05:30,BUY,6828.0,6814.75,6854.5,2.0,7.547169811320755,0.8,591,pullback,pullback,corrective,,,EICHERMOT
2025-10-14 11:00:00+05:30,SELL,6854.5,6855.5,6852.5,2.0,100.0,0.8,592,pullback,pullback,corrective,,,EICHERMOT
2025-10-14 12:00:00+05:30,SELL,6840.0,6855.5,6852.5,,,0.95,592,breakout,breakout,corrective,,,EICHERMOT
2025-10-14 11:30:00+05:30,BUY,6852.5,6849.75,6858.0,2.0,36.36363636363637,0.8,593,pullback,pullback,corrective,,,EICHERMOT
2025-10-14 11:45:00+05:30,SELL,6858.0,6869.0,6836.0,2.0,9.090909090909092,0.8,594,pullback,pullback,corrective,,,EICHERMOT
2025-10-14 12:15:00+05:30,BUY,6836.0,6816.0,6876.0,2.0,5.0,0.8,595,pullback,pullback,corrective,,,EICHERMOT
2025-10-14 13:30:00+05:30,SELL,6876.0,6884.25,6859.5,2.0,12.121212121212121,0.8,596,pullback,pullback,corrective,,,EICHERMOT
2025-10-14 13:45:00+05:30,BUY,6859.5,6842.5,6893.5,2.0,5.882352941176471,0.8,597,pullback,pullback,corrective,,,EICHERMOT
2025-10-14 14:30:00+05:30,SELL,6893.5,6903.75,6873.0,2.0,9.75609756097561,0.8,598,pullback,pullback,corrective,,,EICHERMOT
2025-10-14 15:15:00+05:30,BUY,6873.0,6847.5,6924.0,2.0,3.9215686274509802,0.8,599,pullback,pullback,corrective,,,EICHERMOT
2025-10-15 10:00:00+05:30,BUY,6929.5,6847.5,6924.0,,,0.95,599,breakout,breakout,corrective,,,EICHERMOT
2025-10-15 09:30:00+05:30,SELL,6924.0,6925.75,6920.5,2.0,57.142857142857146,0.8,600,pullback,pullback,corrective,,,EICHERMOT
2025-10-15 10:45:00+05:30,SELL,6920.0,6925.75,6920.5,,,0.95,600,breakout,breakout,corrective,,,EICHERMOT
2025-10-15 09:45:00+05:30,BUY,6920.5,6916.0,6929.5,2.0,22.22222222222222,0.8,601,pullback,pullback,corrective,,,EICHERMOT
2025-10-15 11:00:00+05:30,BUY,6904.0,6891.25,6929.5,2.0,7.8431372549019605,0.8,602,pullback,pullback,corrective,,,EICHERMOT
2025-10-15 11:15:00+05:30,SELL,6929.5,6948.0,6892.5,2.0,5.405405405405405,0.8,603,pullback,pullback,corrective,,,EICHERMOT
2025-10-15 12:15:00+05:30,BUY,6892.5,6884.25,6909.0,2.0,12.121212121212121,0.8,604,pullback,pullback,corrective,,,EICHERMOT
2025-10-15 12:45:00+05:30,SELL,6909.0,6920.25,6886.5,2.0,8.88888888888889,0.8,605,pullback,pullback,corrective,,,EICHERMOT
2025-10-15 13:30:00+05:30,BUY,6886.5,6880.25,6899.0,2.0,16.0,0.8,606,pullback,pullback,corrective,,,EICHERMOT
2025-10-15 14:30:00+05:30,SELL,6899.0,6902.75,6891.5,2.0,26.666666666666668,0.8,607,pullback,pullback,corrective,,,EICHERMOT
2025-10-15 15:15:00+05:30,BUY,6891.5,6842.25,6990.0,2.0,2.030456852791878,0.8,608,pullback,pullback,corrective,,,EICHERMOT
2025-10-16 09:45:00+05:30,BUY,6999.5,6842.25,6990.0,,,0.95,608,breakout,breakout,corrective,,,EICHERMOT
2025-10-16 09:15:00+05:30,SELL,6990.0,6990.5,6989.0,2.0,200.0,0.8,609,pullback,pullback,corrective,,,EICHERMOT
2025-10-16 09:30:00+05:30,BUY,6989.0,6979.25,7008.5,2.0,10.256410256410257,0.8,610,pullback,pullback,corrective,,,EICHERMOT
2025-10-16 10:00:00+05:30,SELL,7008.5,7015.25,6995.0,2.0,14.814814814814815,0.8,611,pullback,pullback,corrective,,,EICHERMOT
2025-10-16 10:30:00+05:30,BUY,6995.0,6990.0,7005.0,2.0,20.0,0.8,612,pullback,pullback,corrective,,,EICHERMOT
2025-10-16 10:45:00+05:30,SELL,7005.0,7007.0,7001.0,2.0,50.0,0.8,613,pullback,pullback,corrective,,,EICHERMOT
2025-10-16 11:30:00+05:30,SELL,7000.0,7007.0,7001.0,,,0.95,613,breakout,breakout,corrective,,,EICHERMOT
2025-10-16 11:00:00+05:30,BUY,7001.0,6999.5,7004.0,2.0,66.66666666666667,0.8,614,pullback,pullback,corrective,,,EICHERMOT
2025-10-16 12:15:00+05:30,BUY,7006.5,6999.5,7004.0,,,0.95,614,breakout,breakout,corrective,,,EICHERMOT
2025-10-16 11:15:00+05:30,SELL,7004.0,7011.0,6990.0,2.0,14.285714285714286,0.8,615,pullback,pullback,corrective,,,EICHERMOT
2025-10-16 12:00:00+05:30,BUY,6990.0,6981.75,7006.5,2.0,12.121212121212121,0.8,616,pullback,pullback,corrective,,,EICHERMOT
2025-10-16 12:15:00+05:30,SELL,7006.5,7027.75,6964.0,2.0,4.705882352941177,0.8,617,pullback,pullback,corrective,,,EICHERMOT
2025-10-16 14:00:00+05:30,BUY,6964.0,6951.25,6989.5,2.0,7.8431372549019605,0.8,618,pullback,pullback,corrective,,,EICHERMOT
2025-10-16 14:45:00+05:30,SELL,6989.5,6994.5,6979.5,2.0,20.0,0.8,619,pullback,pullback,corrective,,,EICHERMOT
2025-10-16 15:00:00+05:30,BUY,6979.5,6949.25,7040.0,2.0,3.3057851239669422,0.8,620,pullback,pullback,corrective,,,EICHERMOT
2025-10-17 10:00:00+05:30,BUY,7070.5,6949.25,7040.0,,,0.95,620,breakout,breakout,corrective,,,EICHERMOT
2025-10-17 09:15:00+05:30,SELL,7040.0,7045.5,7051.0,2.0,18.181818181818183,0.8,621,pullback,pullback,corrective,,,EICHERMOT
2025-10-17 09:30:00+05:30,SELL,7037.0,7045.5,7051.0,,,0.95,621,breakout,breakout,corrective,,,EICHERMOT
2025-10-17 10:00:00+05:30,SELL,7070.5,7080.25,7051.0,2.0,10.256410256410257,0.8,622,pullback,pullback,corrective,,,EICHERMOT
2025-10-17 10:30:00+05:30,BUY,7051.0,7046.75,7059.5,2.0,23.529411764705884,0.8,623,pullback,pullback,corrective,,,EICHERMOT
2025-10-17 11:15:00+05:30,BUY,7061.5,7046.75,7059.5,,,0.95,623,breakout,breakout,corrective,,,EICHERMOT
2025-10-17 10:45:00+05:30,SELL,7059.5,7063.0,7052.5,2.0,28.571428571428573,0.8,624,pullback,pullback,corrective,,,EICHERMOT
2025-10-17 11:00:00+05:30,BUY,7052.5,7048.0,7061.5,2.0,22.22222222222222,0.8,625,pullback,pullback,corrective,,,EICHERMOT
2025-10-17 11:45:00+05:30,BUY,7069.0,7048.0,7061.5,,,0.95,625,breakout,breakout,corrective,,,EICHERMOT
2025-10-17 11:15:00+05:30,SELL,7061.5,7066.0,7052.5,2.0,22.22222222222222,0.8,626,pullback,pullback,corrective,,,EICHERMOT
2025-10-17 11:30:00+05:30,BUY,7052.5,7035.5,7086.5,2.0,5.882352941176471,0.8,627,pullback,pullback,corrective,,,EICHERMOT
2025-10-17 12:15:00+05:30,SELL,7086.5,7097.25,7065.0,2.0,9.30232558139535,0.8,628,pullback,pullback,corrective,,,EICHERMOT
2025-10-17 13:30:00+05:30,SELL,7055.0,7097.25,7065.0,,,0.95,628,breakout,breakout,corrective,,,EICHERMOT
2025-10-17 12:45:00+05:30,BUY,7065.0,7062.25,7070.5,2.0,36.36363636363637,0.8,629,pullback,pullback,corrective,,,EICHERMOT
2025-10-17 13:15:00+05:30,SELL,7070.5,7085.25,7041.0,2.0,6.779661016949152,0.8,630,pullback,pullback,corrective,,,EICHERMOT
2025-10-17 14:15:00+05:30,SELL,7075.0,7092.0,7041.0,2.0,5.882352941176471,0.8,631,pullback,pullback,corrective,,,EICHERMOT
2025-10-17 15:15:00+05:30,BUY,7041.0,7019.5,7084.0,2.0,4.651162790697675,0.8,632,pullback,pullback,corrective,,,EICHERMOT
2025-10-20 09:15:00+05:30,SELL,7084.0,7107.25,7037.5,2.0,4.301075268817204,0.8,633,pullback,pullback,corrective,,,EICHERMOT
2025-10-20 09:45:00+05:30,BUY,7037.5,7027.5,7057.5,2.0,10.0,0.8,634,pullback,pullback,corrective,,,EICHERMOT
2025-10-20 11:00:00+05:30,BUY,7066.5,7027.5,7057.5,,,0.95,634,breakout,breakout,corrective,,,EICHERMOT
2025-10-20 10:00:00+05:30,SELL,7057.5,7066.75,7039.0,2.0,10.81081081081081,0.8,635,pullback,pullback,corrective,,,EICHERMOT
2025-10-20 10:15:00+05:30,BUY,7039.0,7003.805,7152.89102,3.2360000000000273,2.8413126864611686,0.8,636,pullback,pullback,corrective,,,EICHERMOT
