signal_time,side,entry,stop_loss,take_profit,rr,position_size,confidence,wave_label,note,entry_type,wave_type,confirmed,confirm_reasons,trading_symbol
2025-08-01 09:45:00+05:30,BUY,12497.0,12476.0,12539.0,2.0,4.761904761904762,0.8,1,pullback,pullback,corrective,,,MARUTI
2025-08-01 10:30:00+05:30,SELL,12539.0,12587.5,12442.0,2.0,2.0618556701030926,0.8,2,pullback,pullback,corrective,,,MARUTI
2025-08-01 11:30:00+05:30,SELL,12396.0,12587.5,12442.0,,,0.95,2,breakout,breakout,corrective,,,MARUTI
2025-08-01 11:00:00+05:30,BUY,12442.0,12438.0,12450.0,2.0,25.0,0.8,3,pullback,pullback,corrective,,,MARUTI
2025-08-01 11:15:00+05:30,SELL,12450.0,12477.0,12396.0,2.0,3.7037037037037037,0.8,4,pullback,pullback,corrective,,,MARUTI
2025-08-01 12:15:00+05:30,SELL,12391.0,12477.0,12396.0,,,0.95,4,breakout,breakout,corrective,,,MARUTI
2025-08-01 11:30:00+05:30,BUY,12396.0,12378.5,12431.0,2.0,5.714285714285714,0.8,5,pullback,pullback,corrective,,,MARUTI
2025-08-01 12:00:00+05:30,SELL,12431.0,12460.5,12372.0,2.0,3.389830508474576,0.8,6,pullback,pullback,corrective,,,MARUTI
2025-08-01 12:30:00+05:30,BUY,12372.0,12356.5,12403.0,2.0,6.451612903225806,0.8,7,pullback,pullback,corrective,,,MARUTI
2025-08-01 13:15:00+05:30,SELL,12403.0,12430.0,12349.0,2.0,3.7037037037037037,0.8,8,pullback,pullback,corrective,,,MARUTI
2025-08-01 13:45:00+05:30,BUY,12349.0,12336.5,12374.0,2.0,8.0,0.8,9,pullback,pullback,corrective,,,MARUTI
2025-08-01 14:15:00+05:30,SELL,12374.0,12423.5,12275.0,2.0,2.0202020202020203,0.8,10,pullback,pullback,corrective,,,MARUTI
2025-08-01 15:15:00+05:30,BUY,12275.0,12215.5,12394.0,2.0,1.680672268907563,0.8,11,pullback,pullback,corrective,,,MARUTI
2025-08-04 09:15:00+05:30,SELL,12394.0,12468.0,12246.0,2.0,1.3513513513513513,0.8,12,pullback,pullback,corrective,,,MARUTI
2025-08-04 10:00:00+05:30,BUY,12246.0,12185.0,12368.0,2.0,1.639344262295082,0.8,13,pullback,pullback,corrective,,,MARUTI
2025-08-04 11:15:00+05:30,SELL,12368.0,12409.0,12286.0,2.0,2.4390243902439024,0.8,14,pullback,pullback,corrective,,,MARUTI
2025-08-04 12:30:00+05:30,BUY,12286.0,12267.5,12323.0,2.0,5.405405405405405,0.8,15,pullback,pullback,corrective,,,MARUTI
2025-08-04 13:45:00+05:30,BUY,12340.0,12267.5,12323.0,,,0.95,15,breakout,breakout,corrective,,,MARUTI
2025-08-04 13:00:00+05:30,SELL,12323.0,12327.0,12315.0,2.0,25.0,0.8,16,pullback,pullback,corrective,,,MARUTI
2025-08-04 13:30:00+05:30,BUY,12315.0,12292.5,12360.0,2.0,4.444444444444445,0.8,17,pullback,pullback,corrective,,,MARUTI
2025-08-04 14:45:00+05:30,BUY,12362.0,12292.5,12360.0,,,0.95,17,breakout,breakout,corrective,,,MARUTI
2025-08-04 14:00:00+05:30,SELL,12360.0,12364.5,12351.0,2.0,22.22222222222222,0.8,18,pullback,pullback,corrective,,,MARUTI
2025-08-04 14:30:00+05:30,BUY,12351.0,12345.5,12362.0,2.0,18.181818181818183,0.8,19,pullback,pullback,corrective,,,MARUTI
2025-08-05 09:15:00+05:30,BUY,12445.0,12345.5,12362.0,,,0.95,19,breakout,breakout,corrective,,,MARUTI
2025-08-04 14:45:00+05:30,SELL,12362.0,12364.5,12357.0,2.0,40.0,0.8,20,pullback,pullback,corrective,,,MARUTI
2025-08-04 15:15:00+05:30,BUY,12357.0,12313.0,12445.0,2.0,2.272727272727273,0.8,21,pullback,pullback,corrective,,,MARUTI
2025-08-05 10:15:00+05:30,BUY,12448.0,12313.0,12445.0,,,0.95,21,breakout,breakout,corrective,,,MARUTI
2025-08-05 09:15:00+05:30,SELL,12445.0,12461.5,12412.0,2.0,6.0606060606060606,0.8,22,pullback,pullback,corrective,,,MARUTI
2025-08-05 09:45:00+05:30,BUY,12412.0,12381.5,12473.0,2.0,3.278688524590164,0.8,23,pullback,pullback,corrective,,,MARUTI
2025-08-05 10:45:00+05:30,SELL,12473.0,12476.0,12467.0,2.0,33.333333333333336,0.8,24,pullback,pullback,corrective,,,MARUTI
2025-08-05 11:15:00+05:30,BUY,12467.0,12422.5,12556.0,2.0,2.247191011235955,0.8,25,pullback,pullback,corrective,,,MARUTI
2025-08-05 13:00:00+05:30,SELL,12556.0,12564.0,12540.0,2.0,12.5,0.8,26,pullback,pullback,corrective,,,MARUTI
2025-08-05 14:00:00+05:30,SELL,12532.0,12564.0,12540.0,,,0.95,26,breakout,breakout,corrective,,,MARUTI
2025-08-05 13:30:00+05:30,BUY,12540.0,12535.0,12550.0,2.0,20.0,0.8,27,pullback,pullback,corrective,,,MARUTI
2025-08-05 13:45:00+05:30,SELL,12550.0,12571.0,12508.0,2.0,4.761904761904762,0.8,28,pullback,pullback,corrective,,,MARUTI
2025-08-05 14:45:00+05:30,BUY,12508.0,12489.0,12546.0,2.0,5.2631578947368425,0.8,29,pullback,pullback,corrective,,,MARUTI
2025-08-06 09:15:00+05:30,BUY,12578.0,12489.0,12546.0,,,0.95,29,breakout,breakout,corrective,,,MARUTI
2025-08-05 15:00:00+05:30,SELL,12546.0,12547.5,12543.0,2.0,66.66666666666667,0.8,30,pullback,pullback,corrective,,,MARUTI
2025-08-05 15:15:00+05:30,BUY,12543.0,12525.5,12578.0,2.0,5.714285714285714,0.8,31,pullback,pullback,corrective,,,MARUTI
2025-08-06 10:00:00+05:30,BUY,12581.0,12525.5,12578.0,,,0.95,31,breakout,breakout,corrective,,,MARUTI
2025-08-06 09:15:00+05:30,SELL,12578.0,12583.0,12568.0,2.0,20.0,0.8,32,pullback,pullback,corrective,,,MARUTI
2025-08-06 10:30:00+05:30,SELL,12545.0,12583.0,12568.0,,,0.95,32,breakout,breakout,corrective,,,MARUTI
2025-08-06 09:30:00+05:30,BUY,12568.0,12561.0,12554.0,2.0,14.285714285714286,0.8,33,pullback,pullback,corrective,,,MARUTI
2025-08-06 09:45:00+05:30,BUY,12571.0,12561.0,12554.0,,,0.95,33,breakout,breakout,corrective,,,MARUTI
2025-08-06 11:00:00+05:30,BUY,12533.0,12522.5,12554.0,2.0,9.523809523809524,0.8,34,pullback,pullback,corrective,,,MARUTI
2025-08-06 11:30:00+05:30,SELL,12554.0,12556.5,12549.0,2.0,40.0,0.8,35,pullback,pullback,corrective,,,MARUTI
2025-08-06 12:15:00+05:30,SELL,12532.0,12556.5,12549.0,,,0.95,35,breakout,breakout,corrective,,,MARUTI
2025-08-06 11:45:00+05:30,BUY,12549.0,12547.5,12552.0,2.0,66.66666666666667,0.8,36,pullback,pullback,corrective,,,MARUTI
2025-08-06 12:00:00+05:30,SELL,12552.0,12583.0,12490.0,2.0,3.225806451612903,0.8,37,pullback,pullback,corrective,,,MARUTI
2025-08-06 13:45:00+05:30,BUY,12490.0,12469.5,12531.0,2.0,4.878048780487805,0.8,38,pullback,pullback,corrective,,,MARUTI
2025-08-06 15:00:00+05:30,SELL,12531.0,12541.5,12510.0,2.0,9.523809523809524,0.8,39,pullback,pullback,corrective,,,MARUTI
2025-08-07 09:30:00+05:30,SELL,12500.0,12541.5,12510.0,,,0.95,39,breakout,breakout,corrective,,,MARUTI
2025-08-06 15:15:00+05:30,BUY,12510.0,12508.5,12513.0,2.0,66.66666666666667,0.8,40,pullback,pullback,corrective,,,MARUTI
2025-08-07 09:15:00+05:30,SELL,12513.0,12529.5,12480.0,2.0,6.0606060606060606,0.8,41,pullback,pullback,corrective,,,MARUTI
2025-08-07 10:15:00+05:30,SELL,12470.0,12529.5,12480.0,,,0.95,41,breakout,breakout,corrective,,,MARUTI
2025-08-07 09:45:00+05:30,BUY,12480.0,12476.0,12488.0,2.0,25.0,0.8,42,pullback,pullback,corrective,,,MARUTI
2025-08-07 10:45:00+05:30,BUY,12494.0,12476.0,12488.0,,,0.95,42,breakout,breakout,corrective,,,MARUTI
2025-08-07 10:00:00+05:30,SELL,12488.0,12499.0,12466.0,2.0,9.090909090909092,0.8,43,pullback,pullback,corrective,,,MARUTI
2025-08-07 10:30:00+05:30,BUY,12466.0,12448.5,12501.0,2.0,5.714285714285714,0.8,44,pullback,pullback,corrective,,,MARUTI
2025-08-07 11:00:00+05:30,SELL,12501.0,12517.0,12469.0,2.0,6.25,0.8,45,pullback,pullback,corrective,,,MARUTI
2025-08-07 11:30:00+05:30,BUY,12469.0,12461.0,12485.0,2.0,12.5,0.8,46,pullback,pullback,corrective,,,MARUTI
2025-08-07 12:15:00+05:30,SELL,12485.0,12504.0,12447.0,2.0,5.2631578947368425,0.8,47,pullback,pullback,corrective,,,MARUTI
2025-08-07 13:15:00+05:30,BUY,12447.0,12442.5,12456.0,2.0,22.22222222222222,0.8,48,pullback,pullback,corrective,,,MARUTI
2025-08-07 14:00:00+05:30,BUY,12488.0,12442.5,12456.0,,,0.95,48,breakout,breakout,corrective,,,MARUTI
2025-08-07 13:30:00+05:30,SELL,12456.0,12456.5,12455.0,2.0,200.0,0.8,49,pullback,pullback,corrective,,,MARUTI
2025-08-07 13:45:00+05:30,BUY,12455.0,12366.5,12632.0,2.0,1.1299435028248588,0.8,50,pullback,pullback,corrective,,,MARUTI
2025-08-07 15:00:00+05:30,SELL,12632.0,12635.5,12625.0,2.0,28.571428571428573,0.8,51,pullback,pullback,corrective,,,MARUTI
2025-08-08 09:45:00+05:30,SELL,12603.0,12635.5,12625.0,,,0.95,51,breakout,breakout,corrective,,,MARUTI
2025-08-07 15:15:00+05:30,BUY,12625.0,12615.0,12645.0,2.0,10.0,0.8,52,pullback,pullback,corrective,,,MARUTI
2025-08-08 09:15:00+05:30,SELL,12645.0,12666.0,12603.0,2.0,4.761904761904762,0.8,53,pullback,pullback,corrective,,,MARUTI
2025-08-08 10:30:00+05:30,SELL,12596.0,12666.0,12603.0,,,0.95,53,breakout,breakout,corrective,,,MARUTI
2025-08-08 09:45:00+05:30,BUY,12603.0,12594.0,12621.0,2.0,11.11111111111111,0.8,54,pullback,pullback,corrective,,,MARUTI
2025-08-08 10:15:00+05:30,SELL,12621.0,12646.0,12571.0,2.0,4.0,0.8,55,pullback,pullback,corrective,,,MARUTI
2025-08-08 11:00:00+05:30,BUY,12571.0,12520.5,12672.0,2.0,1.9801980198019802,0.8,56,pullback,pullback,corrective,,,MARUTI
2025-08-08 12:15:00+05:30,BUY,12687.0,12520.5,12672.0,,,0.95,56,breakout,breakout,corrective,,,MARUTI
2025-08-08 11:45:00+05:30,SELL,12672.0,12674.0,12668.0,2.0,50.0,0.8,57,pullback,pullback,corrective,,,MARUTI
2025-08-08 13:00:00+05:30,SELL,12650.0,12674.0,12668.0,,,0.95,57,breakout,breakout,corrective,,,MARUTI
2025-08-08 12:00:00+05:30,BUY,12668.0,12653.0,12698.0,2.0,6.666666666666667,0.8,58,pullback,pullback,corrective,,,MARUTI
2025-08-08 12:45:00+05:30,SELL,12698.0,12723.5,12647.0,2.0,3.9215686274509802,0.8,59,pullback,pullback,corrective,,,MARUTI
2025-08-08 13:45:00+05:30,SELL,12628.0,12723.5,12647.0,,,0.95,59,breakout,breakout,corrective,,,MARUTI
2025-08-08 13:15:00+05:30,BUY,12647.0,12643.5,12654.0,2.0,28.571428571428573,0.8,60,pullback,pullback,corrective,,,MARUTI
2025-08-08 13:30:00+05:30,SELL,12654.0,12667.0,12628.0,2.0,7.6923076923076925,0.8,61,pullback,pullback,corrective,,,MARUTI
2025-08-08 13:45:00+05:30,BUY,12628.0,12625.0,12634.0,2.0,33.333333333333336,0.8,62,pullback,pullback,corrective,,,MARUTI
2025-08-08 14:45:00+05:30,BUY,12636.0,12625.0,12634.0,,,0.95,62,breakout,breakout,corrective,,,MARUTI
2025-08-08 14:15:00+05:30,SELL,12634.0,12635.5,12631.0,2.0,66.66666666666667,0.8,63,pullback,pullback,corrective,,,MARUTI
2025-08-08 15:00:00+05:30,SELL,12580.0,12635.5,12631.0,,,0.95,63,breakout,breakout,corrective,,,MARUTI
2025-08-08 14:30:00+05:30,BUY,12631.0,12628.5,12636.0,2.0,40.0,0.8,64,pullback,pullback,corrective,,,MARUTI
2025-08-08 14:45:00+05:30,SELL,12636.0,12696.0,12516.0,2.0,1.6666666666666667,0.8,65,pullback,pullback,corrective,,,MARUTI
2025-08-11 09:30:00+05:30,BUY,12516.0,12515.5,12517.0,2.0,200.0,0.8,66,pullback,pullback,corrective,,,MARUTI
2025-08-11 10:15:00+05:30,BUY,12519.0,12515.5,12517.0,,,0.95,66,breakout,breakout,corrective,,,MARUTI
2025-08-11 09:45:00+05:30,SELL,12517.0,12518.0,12515.0,2.0,100.0,0.8,67,pullback,pullback,corrective,,,MARUTI
2025-08-11 10:00:00+05:30,BUY,12515.0,12505.5,12534.0,2.0,10.526315789473685,0.8,68,pullback,pullback,corrective,,,MARUTI
2025-08-11 11:15:00+05:30,BUY,12542.0,12505.5,12534.0,,,0.95,68,breakout,breakout,corrective,,,MARUTI
2025-08-11 10:45:00+05:30,SELL,12534.0,12537.5,12527.0,2.0,28.571428571428573,0.8,69,pullback,pullback,corrective,,,MARUTI
2025-08-11 11:30:00+05:30,SELL,12524.0,12537.5,12527.0,,,0.95,69,breakout,breakout,corrective,,,MARUTI
2025-08-11 11:00:00+05:30,BUY,12527.0,12519.5,12542.0,2.0,13.333333333333334,0.8,70,pullback,pullback,corrective,,,MARUTI
2025-08-11 11:15:00+05:30,SELL,12542.0,12551.0,12524.0,2.0,11.11111111111111,0.8,71,pullback,pullback,corrective,,,MARUTI
2025-08-11 11:30:00+05:30,BUY,12524.0,12481.5,12609.0,2.0,2.3529411764705883,0.8,72,pullback,pullback,corrective,,,MARUTI
2025-08-11 13:45:00+05:30,BUY,12584.0,12571.5,12609.0,2.0,8.0,0.8,73,pullback,pullback,corrective,,,MARUTI
2025-08-11 14:00:00+05:30,SELL,12609.0,12613.0,12601.0,2.0,25.0,0.8,74,pullback,pullback,corrective,,,MARUTI
2025-08-11 14:45:00+05:30,SELL,12599.0,12613.0,12601.0,,,0.95,74,breakout,breakout,corrective,,,MARUTI
2025-08-11 14:15:00+05:30,BUY,12601.0,12598.0,12607.0,2.0,33.333333333333336,0.8,75,pullback,pullback,corrective,,,MARUTI
2025-08-12 09:15:00+05:30,BUY,12618.0,12598.0,12607.0,,,0.95,75,breakout,breakout,corrective,,,MARUTI
2025-08-11 14:30:00+05:30,SELL,12607.0,12619.0,12583.0,2.0,8.333333333333334,0.8,76,pullback,pullback,corrective,,,MARUTI
2025-08-11 15:15:00+05:30,BUY,12583.0,12407.0,12935.0,2.0,0.5681818181818182,0.8,77,pullback,pullback,corrective,,,MARUTI
2025-08-12 11:00:00+05:30,SELL,12935.0,12944.0,12917.0,2.0,11.11111111111111,0.8,78,pullback,pullback,corrective,,,MARUTI
2025-08-12 12:00:00+05:30,SELL,12910.0,12944.0,12917.0,,,0.95,78,breakout,breakout,corrective,,,MARUTI
2025-08-12 11:15:00+05:30,BUY,12917.0,12908.0,12935.0,2.0,11.11111111111111,0.8,79,pullback,pullback,corrective,,,MARUTI
2025-08-12 11:45:00+05:30,SELL,12935.0,12947.5,12910.0,2.0,8.0,0.8,80,pullback,pullback,corrective,,,MARUTI
2025-08-12 12:45:00+05:30,SELL,12873.0,12947.5,12910.0,,,0.95,80,breakout,breakout,corrective,,,MARUTI
2025-08-12 12:00:00+05:30,BUY,12910.0,12908.0,12914.0,2.0,50.0,0.8,81,pullback,pullback,corrective,,,MARUTI
2025-08-12 12:15:00+05:30,SELL,12914.0,12959.5,12823.0,2.0,2.197802197802198,0.8,82,pullback,pullback,corrective,,,MARUTI
2025-08-12 13:15:00+05:30,BUY,12823.0,12808.5,12852.0,2.0,6.896551724137931,0.8,83,pullback,pullback,corrective,,,MARUTI
2025-08-12 14:30:00+05:30,BUY,12863.0,12808.5,12852.0,,,0.95,83,breakout,breakout,corrective,,,MARUTI
2025-08-12 13:45:00+05:30,SELL,12852.0,12864.0,12828.0,2.0,8.333333333333334,0.8,84,pullback,pullback,corrective,,,MARUTI
2025-08-12 15:00:00+05:30,SELL,12821.0,12864.0,12828.0,,,0.95,84,breakout,breakout,corrective,,,MARUTI
2025-08-12 14:15:00+05:30,BUY,12828.0,12805.5,12873.0,2.0,4.444444444444445,0.8,85,pullback,pullback,corrective,,,MARUTI
2025-08-12 14:45:00+05:30,SELL,12873.0,12899.0,12821.0,2.0,3.8461538461538463,0.8,86,pullback,pullback,corrective,,,MARUTI
2025-08-13 09:15:00+05:30,SELL,12767.0,12899.0,12821.0,,,0.95,86,breakout,breakout,corrective,,,MARUTI
2025-08-12 15:00:00+05:30,BUY,12821.0,12808.0,12847.0,2.0,7.6923076923076925,0.8,87,pullback,pullback,corrective,,,MARUTI
2025-08-13 09:45:00+05:30,BUY,12866.0,12808.0,12847.0,,,0.95,87,breakout,breakout,corrective,,,MARUTI
2025-08-12 15:15:00+05:30,SELL,12847.0,12887.0,12767.0,2.0,2.5,0.8,88,pullback,pullback,corrective,,,MARUTI
2025-08-13 09:15:00+05:30,BUY,12767.0,12717.5,12866.0,2.0,2.0202020202020203,0.8,89,pullback,pullback,corrective,,,MARUTI
2025-08-13 09:45:00+05:30,SELL,12866.0,12873.5,12851.0,2.0,13.333333333333334,0.8,90,pullback,pullback,corrective,,,MARUTI
2025-08-13 10:30:00+05:30,SELL,12838.0,12873.5,12851.0,,,0.95,90,breakout,breakout,corrective,,,MARUTI
2025-08-13 10:00:00+05:30,BUY,12851.0,12849.0,12855.0,2.0,50.0,0.8,91,pullback,pullback,corrective,,,MARUTI
2025-08-13 11:00:00+05:30,BUY,12893.0,12849.0,12855.0,,,0.95,91,breakout,breakout,corrective,,,MARUTI
2025-08-13 10:15:00+05:30,SELL,12855.0,12863.5,12838.0,2.0,11.764705882352942,0.8,92,pullback,pullback,corrective,,,MARUTI
2025-08-13 10:30:00+05:30,BUY,12838.0,12797.0,12920.0,2.0,2.4390243902439024,0.8,93,pullback,pullback,corrective,,,MARUTI
2025-08-13 11:15:00+05:30,SELL,12920.0,12945.5,12869.0,2.0,3.9215686274509802,0.8,94,pullback,pullback,corrective,,,MARUTI
2025-08-13 12:15:00+05:30,BUY,12869.0,12860.0,12887.0,2.0,11.11111111111111,0.8,95,pullback,pullback,corrective,,,MARUTI
2025-08-13 12:45:00+05:30,SELL,12887.0,12918.0,12825.0,2.0,3.225806451612903,0.8,96,pullback,pullback,corrective,,,MARUTI
2025-08-13 13:30:00+05:30,BUY,12825.0,12807.5,12860.0,2.0,5.714285714285714,0.8,97,pullback,pullback,corrective,,,MARUTI
2025-08-13 14:15:00+05:30,SELL,12860.0,12865.5,12849.0,2.0,18.181818181818183,0.8,98,pullback,pullback,corrective,,,MARUTI
2025-08-13 15:00:00+05:30,SELL,12832.0,12865.5,12849.0,,,0.95,98,breakout,breakout,corrective,,,MARUTI
2025-08-13 14:30:00+05:30,BUY,12849.0,12848.5,12850.0,2.0,200.0,0.8,99,pullback,pullback,corrective,,,MARUTI
2025-08-14 09:15:00+05:30,BUY,12869.0,12848.5,12850.0,,,0.95,99,breakout,breakout,corrective,,,MARUTI
2025-08-13 14:45:00+05:30,SELL,12850.0,12859.0,12832.0,2.0,11.11111111111111,0.8,100,pullback,pullback,corrective,,,MARUTI
2025-08-13 15:00:00+05:30,BUY,12832.0,12782.5,12931.0,2.0,2.0202020202020203,0.8,101,pullback,pullback,corrective,,,MARUTI
2025-08-14 09:30:00+05:30,SELL,12931.0,12965.0,12863.0,2.0,2.9411764705882355,0.8,102,pullback,pullback,corrective,,,MARUTI
2025-08-14 10:30:00+05:30,SELL,12862.0,12965.0,12863.0,,,0.95,102,breakout,breakout,corrective,,,MARUTI
2025-08-14 10:00:00+05:30,BUY,12863.0,12856.0,12877.0,2.0,14.285714285714286,0.8,103,pullback,pullback,corrective,,,MARUTI
2025-08-14 10:15:00+05:30,SELL,12877.0,12899.5,12832.0,2.0,4.444444444444445,0.8,104,pullback,pullback,corrective,,,MARUTI
2025-08-14 11:30:00+05:30,BUY,12832.0,12806.5,12883.0,2.0,3.9215686274509802,0.8,105,pullback,pullback,corrective,,,MARUTI
2025-08-14 12:45:00+05:30,SELL,12883.0,12888.5,12872.0,2.0,18.181818181818183,0.8,106,pullback,pullback,corrective,,,MARUTI
2025-08-14 13:15:00+05:30,BUY,12872.0,12869.0,12878.0,2.0,33.333333333333336,0.8,107,pullback,pullback,corrective,,,MARUTI
2025-08-14 14:30:00+05:30,BUY,12940.0,12869.0,12878.0,,,0.95,107,breakout,breakout,corrective,,,MARUTI
2025-08-14 13:30:00+05:30,SELL,12878.0,12880.0,12874.0,2.0,50.0,0.8,108,pullback,pullback,corrective,,,MARUTI
2025-08-14 14:15:00+05:30,BUY,12874.0,12841.0,12940.0,2.0,3.0303030303030303,0.8,109,pullback,pullback,corrective,,,MARUTI
2025-08-18 09:15:00+05:30,BUY,13847.0,12841.0,12940.0,,,0.95,109,breakout,breakout,corrective,,,MARUTI
2025-08-14 14:30:00+05:30,SELL,12940.0,12952.0,12916.0,2.0,8.333333333333334,0.8,110,pullback,pullback,corrective,,,MARUTI
2025-08-14 15:15:00+05:30,SELL,12905.0,12952.0,12916.0,,,0.95,110,breakout,breakout,corrective,,,MARUTI
2025-08-14 14:45:00+05:30,BUY,12916.0,12905.5,12937.0,2.0,9.523809523809524,0.8,111,pullback,pullback,corrective,,,MARUTI
2025-08-14 15:00:00+05:30,SELL,12937.0,12953.0,12905.0,2.0,6.25,0.8,112,pullback,pullback,corrective,,,MARUTI
2025-08-14 15:15:00+05:30,BUY,12905.0,12415.0,13885.0,2.0,0.20408163265306123,0.8,113,pullback,pullback,impulse,,,MARUTI
2025-08-18 09:45:00+05:30,SELL,13885.0,13897.5,13860.0,2.0,8.0,0.8,114,pullback,pullback,corrective,,,MARUTI
2025-08-18 10:00:00+05:30,BUY,13860.0,13744.5,14091.0,2.0,0.8658008658008658,0.8,115,pullback,pullback,corrective,,,MARUTI
2025-08-18 11:30:00+05:30,SELL,14091.0,14123.0,14027.0,2.0,3.125,0.8,116,pullback,pullback,corrective,,,MARUTI
2025-08-18 12:15:00+05:30,BUY,14027.0,13992.5,14096.0,2.0,2.898550724637681,0.8,117,pullback,pullback,corrective,,,MARUTI
2025-08-18 12:45:00+05:30,SELL,14096.0,14122.5,14043.0,2.0,3.7735849056603774,0.8,118,pullback,pullback,corrective,,,MARUTI
2025-08-18 13:15:00+05:30,BUY,14043.0,14037.0,14055.0,2.0,16.666666666666668,0.8,119,pullback,pullback,corrective,,,MARUTI
2025-08-18 14:15:00+05:30,BUY,14060.0,14037.0,14055.0,,,0.95,119,breakout,breakout,corrective,,,MARUTI
2025-08-18 13:30:00+05:30,SELL,14055.0,14057.5,14050.0,2.0,40.0,0.8,120,pullback,pullback,corrective,,,MARUTI
2025-08-18 13:45:00+05:30,SELL,14045.0,14057.5,14050.0,,,0.95,120,breakout,breakout,corrective,,,MARUTI
2025-08-18 14:15:00+05:30,SELL,14060.0,14065.0,14050.0,2.0,20.0,0.8,121,pullback,pullback,corrective,,,MARUTI
2025-08-19 09:15:00+05:30,SELL,14026.0,14065.0,14050.0,,,0.95,121,breakout,breakout,corrective,,,MARUTI
2025-08-18 14:30:00+05:30,BUY,14050.0,14030.0,14090.0,2.0,5.0,0.8,122,pullback,pullback,corrective,,,MARUTI
2025-08-18 15:15:00+05:30,SELL,14090.0,14130.0,14010.0,2.0,2.5,0.8,123,pullback,pullback,corrective,,,MARUTI
2025-08-19 09:30:00+05:30,BUY,14010.0,13947.0,14136.0,2.0,1.5873015873015872,0.8,124,pullback,pullback,corrective,,,MARUTI
2025-08-19 10:00:00+05:30,SELL,14136.0,14164.5,14079.0,2.0,3.508771929824561,0.8,125,pullback,pullback,corrective,,,MARUTI
2025-08-19 10:30:00+05:30,BUY,14079.0,14064.0,14109.0,2.0,6.666666666666667,0.8,126,pullback,pullback,corrective,,,MARUTI
2025-08-19 11:15:00+05:30,SELL,14109.0,14118.5,14090.0,2.0,10.526315789473685,0.8,127,pullback,pullback,corrective,,,MARUTI
2025-08-19 11:30:00+05:30,BUY,14090.0,14032.0,14206.0,2.0,1.7241379310344827,0.8,128,pullback,pullback,corrective,,,MARUTI
2025-08-19 13:00:00+05:30,SELL,14206.0,14210.0,14198.0,2.0,25.0,0.8,129,pullback,pullback,corrective,,,MARUTI
2025-08-19 13:45:00+05:30,SELL,14186.0,14210.0,14198.0,,,0.95,129,breakout,breakout,corrective,,,MARUTI
2025-08-19 13:15:00+05:30,BUY,14198.0,14197.5,14199.0,2.0,200.0,0.8,130,pullback,pullback,corrective,,,MARUTI
2025-08-19 14:00:00+05:30,BUY,14210.0,14197.5,14199.0,,,0.95,130,breakout,breakout,corrective,,,MARUTI
2025-08-19 13:30:00+05:30,SELL,14199.0,14205.5,14186.0,2.0,15.384615384615385,0.8,131,pullback,pullback,corrective,,,MARUTI
2025-08-19 13:45:00+05:30,BUY,14186.0,14149.0,14260.0,2.0,2.7027027027027026,0.8,132,pullback,pullback,corrective,,,MARUTI
2025-08-19 14:45:00+05:30,SELL,14260.0,14272.5,14235.0,2.0,8.0,0.8,133,pullback,pullback,corrective,,,MARUTI
2025-08-19 15:15:00+05:30,BUY,14235.0,14221.5,14262.0,2.0,7.407407407407407,0.8,134,pullback,pullback,corrective,,,MARUTI
2025-08-20 09:45:00+05:30,BUY,14263.0,14221.5,14262.0,,,0.95,134,breakout,breakout,corrective,,,MARUTI
2025-08-20 09:15:00+05:30,SELL,14262.0,14274.0,14238.0,2.0,8.333333333333334,0.8,135,pullback,pullback,corrective,,,MARUTI
2025-08-20 09:30:00+05:30,BUY,14238.0,14225.5,14263.0,2.0,8.0,0.8,136,pullback,pullback,corrective,,,MARUTI
2025-08-20 10:30:00+05:30,BUY,14266.0,14225.5,14263.0,,,0.95,136,breakout,breakout,corrective,,,MARUTI
2025-08-20 09:45:00+05:30,SELL,14263.0,14275.0,14239.0,2.0,8.333333333333334,0.8,137,pullback,pullback,corrective,,,MARUTI
2025-08-20 10:00:00+05:30,BUY,14239.0,14225.5,14266.0,2.0,7.407407407407407,0.8,138,pullback,pullback,corrective,,,MARUTI
2025-08-20 11:00:00+05:30,BUY,14276.0,14225.5,14266.0,,,0.95,138,breakout,breakout,corrective,,,MARUTI
2025-08-20 10:30:00+05:30,SELL,14266.0,14269.0,14260.0,2.0,33.333333333333336,0.8,139,pullback,pullback,corrective,,,MARUTI
2025-08-20 11:30:00+05:30,SELL,14255.0,14269.0,14260.0,,,0.95,139,breakout,breakout,corrective,,,MARUTI
2025-08-20 10:45:00+05:30,BUY,14260.0,14252.0,14276.0,2.0,12.5,0.8,140,pullback,pullback,corrective,,,MARUTI
2025-08-20 11:00:00+05:30,SELL,14276.0,14286.5,14255.0,2.0,9.523809523809524,0.8,141,pullback,pullback,corrective,,,MARUTI
2025-08-20 12:15:00+05:30,SELL,14247.0,14286.5,14255.0,,,0.95,141,breakout,breakout,corrective,,,MARUTI
2025-08-20 11:30:00+05:30,BUY,14255.0,14251.0,14263.0,2.0,25.0,0.8,142,pullback,pullback,corrective,,,MARUTI
2025-08-20 11:45:00+05:30,SELL,14263.0,14271.0,14247.0,2.0,12.5,0.8,143,pullback,pullback,corrective,,,MARUTI
2025-08-20 12:45:00+05:30,SELL,14240.0,14271.0,14247.0,,,0.95,143,breakout,breakout,corrective,,,MARUTI
2025-08-20 12:15:00+05:30,BUY,14247.0,14245.5,14250.0,2.0,66.66666666666667,0.8,144,pullback,pullback,corrective,,,MARUTI
2025-08-20 12:30:00+05:30,SELL,14250.0,14264.5,14221.0,2.0,6.896551724137931,0.8,145,pullback,pullback,corrective,,,MARUTI
2025-08-20 13:15:00+05:30,BUY,14221.0,14201.5,14260.0,2.0,5.128205128205129,0.8,146,pullback,pullback,corrective,,,MARUTI
2025-08-20 14:00:00+05:30,SELL,14260.0,14270.0,14240.0,2.0,10.0,0.8,147,pullback,pullback,corrective,,,MARUTI
2025-08-20 15:00:00+05:30,SELL,14211.0,14270.0,14240.0,,,0.95,147,breakout,breakout,corrective,,,MARUTI
2025-08-20 14:15:00+05:30,BUY,14240.0,14237.5,14245.0,2.0,40.0,0.8,148,pullback,pullback,corrective,,,MARUTI
2025-08-20 14:45:00+05:30,SELL,14245.0,14262.0,14211.0,2.0,5.882352941176471,0.8,149,pullback,pullback,corrective,,,MARUTI
2025-08-21 09:30:00+05:30,SELL,14188.0,14262.0,14211.0,,,0.95,149,breakout,breakout,corrective,,,MARUTI
2025-08-20 15:00:00+05:30,BUY,14211.0,14194.5,14244.0,2.0,6.0606060606060606,0.8,150,pullback,pullback,corrective,,,MARUTI
2025-08-21 09:15:00+05:30,SELL,14244.0,14272.5,14187.0,2.0,3.508771929824561,0.8,151,pullback,pullback,corrective,,,MARUTI
2025-08-21 09:45:00+05:30,BUY,14187.0,14162.0,14237.0,2.0,4.0,0.8,152,pullback,pullback,corrective,,,MARUTI
2025-08-21 10:45:00+05:30,SELL,14237.0,14239.0,14241.0,2.0,50.0,0.8,153,pullback,pullback,corrective,,,MARUTI
2025-08-21 11:00:00+05:30,SELL,14215.0,14239.0,14241.0,,,0.95,153,breakout,breakout,corrective,,,MARUTI
2025-08-21 12:00:00+05:30,SELL,14246.0,14248.5,14241.0,2.0,40.0,0.8,154,pullback,pullback,corrective,,,MARUTI
2025-08-21 13:15:00+05:30,SELL,14233.0,14248.5,14241.0,,,0.95,154,breakout,breakout,corrective,,,MARUTI
2025-08-21 12:15:00+05:30,BUY,14241.0,14234.5,14254.0,2.0,15.384615384615385,0.8,155,pullback,pullback,corrective,,,MARUTI
2025-08-21 12:45:00+05:30,SELL,14254.0,14264.5,14233.0,2.0,9.523809523809524,0.8,156,pullback,pullback,corrective,,,MARUTI
2025-08-21 13:15:00+05:30,BUY,14233.0,14169.5,14360.0,2.0,1.5748031496062993,0.8,157,pullback,pullback,corrective,,,MARUTI
2025-08-21 13:45:00+05:30,SELL,14360.0,14415.5,14249.0,2.0,1.8018018018018018,0.8,158,pullback,pullback,corrective,,,MARUTI
2025-08-21 15:00:00+05:30,SELL,14289.0,14309.0,14249.0,2.0,5.0,0.8,159,pullback,pullback,corrective,,,MARUTI
2025-08-22 09:15:00+05:30,BUY,14249.0,14216.0,14315.0,2.0,3.0303030303030303,0.8,160,pullback,pullback,corrective,,,MARUTI
2025-08-22 10:00:00+05:30,SELL,14315.0,14323.5,14298.0,2.0,11.764705882352942,0.8,161,pullback,pullback,corrective,,,MARUTI
2025-08-22 11:00:00+05:30,SELL,14295.0,14323.5,14298.0,,,0.95,161,breakout,breakout,corrective,,,MARUTI
2025-08-22 10:30:00+05:30,BUY,14298.0,14296.0,14302.0,2.0,50.0,0.8,162,pullback,pullback,corrective,,,MARUTI
2025-08-22 11:15:00+05:30,BUY,14318.0,14296.0,14302.0,,,0.95,162,breakout,breakout,corrective,,,MARUTI
2025-08-22 10:45:00+05:30,SELL,14302.0,14305.5,14295.0,2.0,28.571428571428573,0.8,163,pullback,pullback,corrective,,,MARUTI
2025-08-22 11:00:00+05:30,BUY,14295.0,14277.0,14331.0,2.0,5.555555555555555,0.8,164,pullback,pullback,corrective,,,MARUTI
2025-08-22 12:15:00+05:30,BUY,14344.0,14277.0,14331.0,,,0.95,164,breakout,breakout,corrective,,,MARUTI
2025-08-22 11:45:00+05:30,SELL,14331.0,14332.5,14328.0,2.0,66.66666666666667,0.8,165,pullback,pullback,corrective,,,MARUTI
2025-08-22 12:00:00+05:30,BUY,14328.0,14320.0,14344.0,2.0,12.5,0.8,166,pullback,pullback,corrective,,,MARUTI
2025-08-22 12:45:00+05:30,BUY,14353.0,14320.0,14344.0,,,0.95,166,breakout,breakout,corrective,,,MARUTI
2025-08-22 12:15:00+05:30,SELL,14344.0,14348.0,14336.0,2.0,25.0,0.8,167,pullback,pullback,corrective,,,MARUTI
2025-08-22 13:15:00+05:30,SELL,14320.0,14348.0,14336.0,,,0.95,167,breakout,breakout,corrective,,,MARUTI
2025-08-22 12:30:00+05:30,BUY,14336.0,14327.5,14353.0,2.0,11.764705882352942,0.8,168,pullback,pullback,corrective,,,MARUTI
2025-08-22 12:45:00+05:30,SELL,14353.0,14369.5,14320.0,2.0,6.0606060606060606,0.8,169,pullback,pullback,corrective,,,MARUTI
2025-08-22 13:15:00+05:30,BUY,14320.0,14308.0,14344.0,2.0,8.333333333333334,0.8,170,pullback,pullback,corrective,,,MARUTI
2025-08-22 14:00:00+05:30,SELL,14344.0,14346.0,14340.0,2.0,50.0,0.8,171,pullback,pullback,corrective,,,MARUTI
2025-08-22 14:30:00+05:30,BUY,14340.0,14325.0,14370.0,2.0,6.666666666666667,0.8,172,pullback,pullback,corrective,,,MARUTI
2025-08-22 15:15:00+05:30,SELL,14370.0,14399.0,14312.0,2.0,3.4482758620689653,0.8,173,pullback,pullback,corrective,,,MARUTI
2025-08-25 09:15:00+05:30,BUY,14312.0,14285.5,14365.0,2.0,3.7735849056603774,0.8,174,pullback,pullback,corrective,,,MARUTI
2025-08-25 10:30:00+05:30,BUY,14378.0,14285.5,14365.0,,,0.95,174,breakout,breakout,corrective,,,MARUTI
2025-08-25 09:30:00+05:30,SELL,14365.0,14378.0,14339.0,2.0,7.6923076923076925,0.8,175,pullback,pullback,corrective,,,MARUTI
2025-08-25 09:45:00+05:30,BUY,14339.0,14316.5,14384.0,2.0,4.444444444444445,0.8,176,pullback,pullback,corrective,,,MARUTI
2025-08-25 10:45:00+05:30,SELL,14384.0,14395.0,14362.0,2.0,9.090909090909092,0.8,177,pullback,pullback,corrective,,,MARUTI
2025-08-25 11:15:00+05:30,BUY,14362.0,14353.0,14380.0,2.0,11.11111111111111,0.8,178,pullback,pullback,corrective,,,MARUTI
2025-08-25 12:15:00+05:30,SELL,14380.0,14382.5,14375.0,2.0,40.0,0.8,179,pullback,pullback,corrective,,,MARUTI
2025-08-25 12:30:00+05:30,BUY,14375.0,14349.5,14426.0,2.0,3.9215686274509802,0.8,180,pullback,pullback,corrective,,,MARUTI
2025-08-25 13:00:00+05:30,SELL,14426.0,14436.5,14405.0,2.0,9.523809523809524,0.8,181,pullback,pullback,corrective,,,MARUTI
2025-08-25 13:15:00+05:30,BUY,14405.0,14399.0,14417.0,2.0,16.666666666666668,0.8,182,pullback,pullback,corrective,,,MARUTI
2025-08-25 14:15:00+05:30,BUY,14423.0,14399.0,14417.0,,,0.95,182,breakout,breakout,corrective,,,MARUTI
2025-08-25 13:30:00+05:30,SELL,14417.0,14420.5,14410.0,2.0,28.571428571428573,0.8,183,pullback,pullback,corrective,,,MARUTI
2025-08-25 15:00:00+05:30,SELL,14460.0,14485.0,14410.0,2.0,4.0,0.8,184,pullback,pullback,corrective,,,MARUTI
2025-08-26 09:15:00+05:30,BUY,14410.0,14371.5,14487.0,2.0,2.5974025974025974,0.8,185,pullback,pullback,corrective,,,MARUTI
2025-08-26 10:00:00+05:30,SELL,14487.0,14496.5,14468.0,2.0,10.526315789473685,0.8,186,pullback,pullback,corrective,,,MARUTI
2025-08-26 10:30:00+05:30,BUY,14468.0,14408.0,14588.0,2.0,1.6666666666666667,0.8,187,pullback,pullback,corrective,,,MARUTI
2025-08-26 11:15:00+05:30,SELL,14588.0,14597.0,14570.0,2.0,11.11111111111111,0.8,188,pullback,pullback,corrective,,,MARUTI
2025-08-26 11:30:00+05:30,BUY,14570.0,14484.5,14741.0,2.0,1.1695906432748537,0.8,189,pullback,pullback,corrective,,,MARUTI
2025-08-26 12:15:00+05:30,SELL,14741.0,14757.5,14708.0,2.0,6.0606060606060606,0.8,190,pullback,pullback,corrective,,,MARUTI
2025-08-26 12:45:00+05:30,BUY,14708.0,14663.5,14797.0,2.0,2.247191011235955,0.8,191,pullback,pullback,corrective,,,MARUTI
2025-08-26 13:45:00+05:30,SELL,14797.0,14806.0,14779.0,2.0,11.11111111111111,0.8,192,pullback,pullback,corrective,,,MARUTI
2025-08-26 15:00:00+05:30,SELL,14690.0,14806.0,14779.0,,,0.95,192,breakout,breakout,corrective,,,MARUTI
2025-08-26 14:00:00+05:30,BUY,14779.0,14761.5,14814.0,2.0,5.714285714285714,0.8,193,pullback,pullback,corrective,,,MARUTI
2025-08-26 14:15:00+05:30,SELL,14814.0,14876.0,14690.0,2.0,1.6129032258064515,0.8,194,pullback,pullback,corrective,,,MARUTI
2025-08-26 15:00:00+05:30,BUY,14690.0,14663.0,14744.0,2.0,3.7037037037037037,0.8,195,pullback,pullback,corrective,,,MARUTI
2025-08-28 09:15:00+05:30,SELL,14744.0,14771.5,14689.0,2.0,3.6363636363636362,0.8,196,pullback,pullback,corrective,,,MARUTI
2025-08-28 10:15:00+05:30,SELL,14660.0,14771.5,14689.0,,,0.95,196,breakout,breakout,corrective,,,MARUTI
2025-08-28 09:45:00+05:30,BUY,14689.0,14668.5,14730.0,2.0,4.878048780487805,0.8,197,pullback,pullback,corrective,,,MARUTI
2025-08-28 10:00:00+05:30,SELL,14730.0,14765.0,14660.0,2.0,2.857142857142857,0.8,198,pullback,pullback,corrective,,,MARUTI
2025-08-28 10:15:00+05:30,BUY,14660.0,14594.0,14792.0,2.0,1.5151515151515151,0.8,199,pullback,pullback,corrective,,,MARUTI
2025-08-28 12:00:00+05:30,SELL,14792.0,14800.5,14775.0,2.0,11.764705882352942,0.8,200,pullback,pullback,corrective,,,MARUTI
2025-08-28 12:45:00+05:30,SELL,14760.0,14800.5,14775.0,,,0.95,200,breakout,breakout,corrective,,,MARUTI
2025-08-28 12:15:00+05:30,BUY,14775.0,14774.0,14777.0,2.0,100.0,0.8,201,pullback,pullback,corrective,,,MARUTI
2025-08-28 12:30:00+05:30,SELL,14777.0,14789.0,14753.0,2.0,8.333333333333334,0.8,202,pullback,pullback,corrective,,,MARUTI
2025-08-28 13:15:00+05:30,BUY,14753.0,14734.0,14791.0,2.0,5.2631578947368425,0.8,203,pullback,pullback,corrective,,,MARUTI
2025-08-28 14:15:00+05:30,SELL,14791.0,14813.0,14747.0,2.0,4.545454545454546,0.8,204,pullback,pullback,corrective,,,MARUTI
2025-08-28 15:00:00+05:30,BUY,14747.0,14721.5,14798.0,2.0,3.9215686274509802,0.8,205,pullback,pullback,corrective,,,MARUTI
2025-08-29 09:45:00+05:30,BUY,14840.0,14721.5,14798.0,,,0.95,205,breakout,breakout,corrective,,,MARUTI
2025-08-28 15:15:00+05:30,SELL,14798.0,14842.5,14709.0,2.0,2.247191011235955,0.8,206,pullback,pullback,corrective,,,MARUTI
2025-08-29 09:45:00+05:30,SELL,14840.0,14905.5,14709.0,2.0,1.5267175572519085,0.8,207,pullback,pullback,corrective,,,MARUTI
2025-08-29 10:45:00+05:30,BUY,14709.0,14673.0,14781.0,2.0,2.7777777777777777,0.8,208,pullback,pullback,corrective,,,MARUTI
2025-08-29 11:30:00+05:30,SELL,14781.0,14794.0,14755.0,2.0,7.6923076923076925,0.8,209,pullback,pullback,corrective,,,MARUTI
2025-08-29 12:15:00+05:30,SELL,14746.0,14794.0,14755.0,,,0.95,209,breakout,breakout,corrective,,,MARUTI
2025-08-29 11:45:00+05:30,BUY,14755.0,14751.5,14762.0,2.0,28.571428571428573,0.8,210,pullback,pullback,corrective,,,MARUTI
2025-08-29 12:30:00+05:30,BUY,14765.0,14751.5,14762.0,,,0.95,210,breakout,breakout,corrective,,,MARUTI
2025-08-29 12:00:00+05:30,SELL,14762.0,14770.0,14746.0,2.0,12.5,0.8,211,pullback,pullback,corrective,,,MARUTI
2025-08-29 12:45:00+05:30,SELL,14723.0,14770.0,14746.0,,,0.95,211,breakout,breakout,corrective,,,MARUTI
2025-08-29 12:15:00+05:30,BUY,14746.0,14736.5,14765.0,2.0,10.526315789473685,0.8,212,pullback,pullback,corrective,,,MARUTI
2025-08-29 13:15:00+05:30,BUY,14800.0,14736.5,14765.0,,,0.95,212,breakout,breakout,corrective,,,MARUTI
2025-08-29 12:30:00+05:30,SELL,14765.0,14786.0,14723.0,2.0,4.761904761904762,0.8,213,pullback,pullback,corrective,,,MARUTI
2025-08-29 12:45:00+05:30,BUY,14723.0,14684.5,14800.0,2.0,2.5974025974025974,0.8,214,pullback,pullback,corrective,,,MARUTI
2025-08-29 13:15:00+05:30,SELL,14800.0,14811.0,14778.0,2.0,9.090909090909092,0.8,215,pullback,pullback,corrective,,,MARUTI
2025-08-29 13:45:00+05:30,BUY,14778.0,14756.0,14822.0,2.0,4.545454545454546,0.8,216,pullback,pullback,corrective,,,MARUTI
2025-08-29 14:30:00+05:30,SELL,14822.0,14843.5,14779.0,2.0,4.651162790697675,0.8,217,pullback,pullback,corrective,,,MARUTI
2025-09-01 09:15:00+05:30,SELL,14737.0,14843.5,14779.0,,,0.95,217,breakout,breakout,corrective,,,MARUTI
2025-08-29 15:00:00+05:30,BUY,14779.0,14773.5,14790.0,2.0,18.181818181818183,0.8,218,pullback,pullback,corrective,,,MARUTI
2025-08-29 15:15:00+05:30,SELL,14790.0,14842.0,14686.0,2.0,1.9230769230769231,0.8,219,pullback,pullback,corrective,,,MARUTI
2025-09-01 10:15:00+05:30,BUY,14686.0,14656.0,14746.0,2.0,3.3333333333333335,0.8,220,pullback,pullback,corrective,,,MARUTI
2025-09-01 11:15:00+05:30,SELL,14746.0,14750.5,14737.0,2.0,22.22222222222222,0.8,221,pullback,pullback,corrective,,,MARUTI
2025-09-01 11:30:00+05:30,BUY,14737.0,14693.0,14825.0,2.0,2.272727272727273,0.8,222,pullback,pullback,corrective,,,MARUTI
2025-09-01 12:30:00+05:30,SELL,14825.0,14827.5,14820.0,2.0,40.0,0.8,223,pullback,pullback,corrective,,,MARUTI
2025-09-01 12:45:00+05:30,BUY,14820.0,14769.5,14921.0,2.0,1.9801980198019802,0.8,224,pullback,pullback,corrective,,,MARUTI
2025-09-01 14:15:00+05:30,SELL,14921.0,14948.0,14867.0,2.0,3.7037037037037037,0.8,225,pullback,pullback,corrective,,,MARUTI
2025-09-01 15:15:00+05:30,SELL,14865.0,14948.0,14867.0,,,0.95,225,breakout,breakout,corrective,,,MARUTI
2025-09-01 14:45:00+05:30,BUY,14867.0,14855.5,14890.0,2.0,8.695652173913043,0.8,226,pullback,pullback,corrective,,,MARUTI
2025-09-01 15:00:00+05:30,SELL,14890.0,14919.0,14832.0,2.0,3.4482758620689653,0.8,227,pullback,pullback,corrective,,,MARUTI
2025-09-02 10:00:00+05:30,SELL,14830.0,14919.0,14832.0,,,0.95,227,breakout,breakout,corrective,,,MARUTI
2025-09-02 09:15:00+05:30,BUY,14832.0,14818.0,14860.0,2.0,7.142857142857143,0.8,228,pullback,pullback,corrective,,,MARUTI
2025-09-02 09:45:00+05:30,SELL,14860.0,14875.0,14830.0,2.0,6.666666666666667,0.8,229,pullback,pullback,corrective,,,MARUTI
2025-09-02 11:00:00+05:30,SELL,14828.0,14875.0,14830.0,,,0.95,229,breakout,breakout,corrective,,,MARUTI
2025-09-02 10:00:00+05:30,BUY,14830.0,14820.0,14850.0,2.0,10.0,0.8,230,pullback,pullback,corrective,,,MARUTI
2025-09-02 10:15:00+05:30,SELL,14850.0,14858.0,14834.0,2.0,12.5,0.8,231,pullback,pullback,corrective,,,MARUTI
2025-09-02 10:30:00+05:30,BUY,14834.0,14831.5,14839.0,2.0,40.0,0.8,232,pullback,pullback,corrective,,,MARUTI
2025-09-02 10:45:00+05:30,SELL,14839.0,14848.5,14820.0,2.0,10.526315789473685,0.8,233,pullback,pullback,corrective,,,MARUTI
2025-09-02 11:45:00+05:30,SELL,14811.0,14848.5,14820.0,,,0.95,233,breakout,breakout,corrective,,,MARUTI
2025-09-02 11:15:00+05:30,BUY,14820.0,14819.0,14822.0,2.0,100.0,0.8,234,pullback,pullback,corrective,,,MARUTI
2025-09-02 12:00:00+05:30,BUY,14906.0,14819.0,14822.0,,,0.95,234,breakout,breakout,corrective,,,MARUTI
2025-09-02 11:30:00+05:30,SELL,14822.0,14827.5,14811.0,2.0,18.181818181818183,0.8,235,pullback,pullback,corrective,,,MARUTI
2025-09-02 11:45:00+05:30,BUY,14811.0,14759.0,14915.0,2.0,1.9230769230769231,0.8,236,pullback,pullback,corrective,,,MARUTI
2025-09-02 12:15:00+05:30,SELL,14915.0,14921.0,14903.0,2.0,16.666666666666668,0.8,237,pullback,pullback,corrective,,,MARUTI
2025-09-02 13:00:00+05:30,SELL,14902.0,14921.0,14903.0,,,0.95,237,breakout,breakout,corrective,,,MARUTI
2025-09-02 12:30:00+05:30,BUY,14903.0,14899.0,14911.0,2.0,25.0,0.8,238,pullback,pullback,corrective,,,MARUTI
2025-09-02 12:45:00+05:30,SELL,14911.0,14953.0,14827.0,2.0,2.380952380952381,0.8,239,pullback,pullback,corrective,,,MARUTI
2025-09-02 14:15:00+05:30,BUY,14827.0,14806.0,14869.0,2.0,4.761904761904762,0.8,240,pullback,pullback,corrective,,,MARUTI
2025-09-02 14:30:00+05:30,SELL,14869.0,14886.0,14835.0,2.0,5.882352941176471,0.8,241,pullback,pullback,corrective,,,MARUTI
2025-09-03 09:30:00+05:30,SELL,14789.0,14886.0,14835.0,,,0.95,241,breakout,breakout,corrective,,,MARUTI
2025-09-02 15:00:00+05:30,BUY,14835.0,14826.5,14852.0,2.0,11.764705882352942,0.8,242,pullback,pullback,corrective,,,MARUTI
2025-09-03 09:15:00+05:30,SELL,14852.0,14876.0,14804.0,2.0,4.166666666666667,0.8,243,pullback,pullback,corrective,,,MARUTI
2025-09-03 11:15:00+05:30,SELL,14811.0,14814.5,14804.0,2.0,28.571428571428573,0.8,244,pullback,pullback,corrective,,,MARUTI
2025-09-03 11:30:00+05:30,BUY,14804.0,14748.5,14915.0,2.0,1.8018018018018018,0.8,245,pullback,pullback,corrective,,,MARUTI
2025-09-03 12:15:00+05:30,SELL,14915.0,14924.0,14897.0,2.0,11.11111111111111,0.8,246,pullback,pullback,corrective,,,MARUTI
2025-09-03 12:45:00+05:30,BUY,14897.0,14868.0,14955.0,2.0,3.4482758620689653,0.8,247,pullback,pullback,corrective,,,MARUTI
2025-09-03 13:15:00+05:30,SELL,14955.0,14964.5,14936.0,2.0,10.526315789473685,0.8,248,pullback,pullback,corrective,,,MARUTI
2025-09-03 14:30:00+05:30,SELL,14931.0,14964.5,14936.0,,,0.95,248,breakout,breakout,corrective,,,MARUTI
2025-09-03 13:30:00+05:30,BUY,14936.0,14925.0,14958.0,2.0,9.090909090909092,0.8,249,pullback,pullback,corrective,,,MARUTI
2025-09-03 14:15:00+05:30,SELL,14958.0,14971.5,14931.0,2.0,7.407407407407407,0.8,250,pullback,pullback,corrective,,,MARUTI
2025-09-03 15:15:00+05:30,SELL,14911.0,14971.5,14931.0,,,0.95,250,breakout,breakout,corrective,,,MARUTI
2025-09-03 14:30:00+05:30,BUY,14931.0,14929.0,14935.0,2.0,50.0,0.8,251,pullback,pullback,corrective,,,MARUTI
2025-09-04 09:15:00+05:30,BUY,14971.0,14929.0,14935.0,,,0.95,251,breakout,breakout,corrective,,,MARUTI
2025-09-03 15:00:00+05:30,SELL,14935.0,14947.0,14911.0,2.0,8.333333333333334,0.8,252,pullback,pullback,corrective,,,MARUTI
2025-09-04 10:00:00+05:30,SELL,14856.0,14947.0,14911.0,,,0.95,252,breakout,breakout,corrective,,,MARUTI
2025-09-03 15:15:00+05:30,BUY,14911.0,14841.5,15050.0,2.0,1.4388489208633093,0.8,253,pullback,pullback,corrective,,,MARUTI
2025-09-04 09:30:00+05:30,SELL,15050.0,15161.0,14828.0,2.0,0.9009009009009009,0.8,254,pullback,pullback,corrective,,,MARUTI
2025-09-04 10:30:00+05:30,BUY,14828.0,14827.5,14829.0,2.0,200.0,0.8,255,pullback,pullback,corrective,,,MARUTI
2025-09-04 11:15:00+05:30,BUY,14836.0,14827.5,14829.0,,,0.95,255,breakout,breakout,corrective,,,MARUTI
2025-09-04 10:45:00+05:30,SELL,14829.0,14834.0,14819.0,2.0,20.0,0.8,256,pullback,pullback,corrective,,,MARUTI
2025-09-04 11:30:00+05:30,SELL,14787.0,14834.0,14819.0,,,0.95,256,breakout,breakout,corrective,,,MARUTI
2025-09-04 11:00:00+05:30,BUY,14819.0,14810.5,14836.0,2.0,11.764705882352942,0.8,257,pullback,pullback,corrective,,,MARUTI
2025-09-04 11:15:00+05:30,SELL,14836.0,14860.5,14787.0,2.0,4.081632653061225,0.8,258,pullback,pullback,corrective,,,MARUTI
2025-09-04 11:30:00+05:30,BUY,14787.0,14780.0,14801.0,2.0,14.285714285714286,0.8,259,pullback,pullback,corrective,,,MARUTI
2025-09-04 12:30:00+05:30,SELL,14801.0,14820.0,14763.0,2.0,5.2631578947368425,0.8,260,pullback,pullback,corrective,,,MARUTI
2025-09-04 13:30:00+05:30,SELL,14762.0,14820.0,14763.0,,,0.95,260,breakout,breakout,corrective,,,MARUTI
2025-09-04 13:00:00+05:30,BUY,14763.0,14759.5,14770.0,2.0,28.571428571428573,0.8,261,pullback,pullback,corrective,,,MARUTI
2025-09-04 13:45:00+05:30,BUY,14774.0,14759.5,14770.0,,,0.95,261,breakout,breakout,corrective,,,MARUTI
2025-09-04 13:15:00+05:30,SELL,14770.0,14774.0,14762.0,2.0,25.0,0.8,262,pullback,pullback,corrective,,,MARUTI
2025-09-04 14:15:00+05:30,SELL,14713.0,14774.0,14762.0,,,0.95,262,breakout,breakout,corrective,,,MARUTI
2025-09-04 13:30:00+05:30,BUY,14762.0,14756.0,14774.0,2.0,16.666666666666668,0.8,263,pullback,pullback,corrective,,,MARUTI
2025-09-04 13:45:00+05:30,SELL,14774.0,14838.5,14645.0,2.0,1.550387596899225,0.8,264,pullback,pullback,corrective,,,MARUTI
2025-09-04 15:00:00+05:30,BUY,14645.0,14537.0,14861.0,2.0,0.9259259259259259,0.8,265,pullback,pullback,corrective,,,MARUTI
2025-09-05 09:45:00+05:30,SELL,14861.0,14871.5,14840.0,2.0,9.523809523809524,0.8,266,pullback,pullback,corrective,,,MARUTI
2025-09-05 10:00:00+05:30,BUY,14840.0,14829.0,14862.0,2.0,9.090909090909092,0.8,267,pullback,pullback,corrective,,,MARUTI
2025-09-05 11:00:00+05:30,BUY,14864.0,14829.0,14862.0,,,0.95,267,breakout,breakout,corrective,,,MARUTI
2025-09-05 10:15:00+05:30,SELL,14862.0,14866.5,14853.0,2.0,22.22222222222222,0.8,268,pullback,pullback,corrective,,,MARUTI
2025-09-05 11:15:00+05:30,SELL,14809.0,14866.5,14853.0,,,0.95,268,breakout,breakout,corrective,,,MARUTI
2025-09-05 10:30:00+05:30,BUY,14853.0,14847.5,14864.0,2.0,18.181818181818183,0.8,269,pullback,pullback,corrective,,,MARUTI
2025-09-05 11:00:00+05:30,SELL,14864.0,14905.0,14782.0,2.0,2.4390243902439024,0.8,270,pullback,pullback,corrective,,,MARUTI
2025-09-05 12:00:00+05:30,SELL,14771.0,14905.0,14782.0,,,0.95,270,breakout,breakout,corrective,,,MARUTI
2025-09-05 11:30:00+05:30,BUY,14782.0,14774.0,14798.0,2.0,12.5,0.8,271,pullback,pullback,corrective,,,MARUTI
2025-09-05 11:45:00+05:30,SELL,14798.0,14811.5,14771.0,2.0,7.407407407407407,0.8,272,pullback,pullback,corrective,,,MARUTI
2025-09-05 12:00:00+05:30,BUY,14771.0,14761.5,14790.0,2.0,10.526315789473685,0.8,273,pullback,pullback,corrective,,,MARUTI
2025-09-05 13:15:00+05:30,BUY,14813.0,14761.5,14790.0,,,0.95,273,breakout,breakout,corrective,,,MARUTI
2025-09-05 12:15:00+05:30,SELL,14790.0,14797.5,14775.0,2.0,13.333333333333334,0.8,274,pullback,pullback,corrective,,,MARUTI
2025-09-05 12:30:00+05:30,BUY,14775.0,14769.0,14787.0,2.0,16.666666666666668,0.8,275,pullback,pullback,corrective,,,MARUTI
2025-09-05 12:45:00+05:30,SELL,14787.0,14792.0,14777.0,2.0,20.0,0.8,276,pullback,pullback,corrective,,,MARUTI
2025-09-05 13:00:00+05:30,BUY,14777.0,14759.0,14813.0,2.0,5.555555555555555,0.8,277,pullback,pullback,corrective,,,MARUTI
2025-09-05 13:45:00+05:30,BUY,14814.0,14759.0,14813.0,,,0.95,277,breakout,breakout,corrective,,,MARUTI
2025-09-05 13:15:00+05:30,SELL,14813.0,14813.5,14812.0,2.0,200.0,0.8,278,pullback,pullback,corrective,,,MARUTI
2025-09-05 13:30:00+05:30,BUY,14812.0,14811.0,14814.0,2.0,100.0,0.8,279,pullback,pullback,corrective,,,MARUTI
2025-09-05 14:15:00+05:30,BUY,14818.0,14811.0,14814.0,,,0.95,279,breakout,breakout,corrective,,,MARUTI
2025-09-05 13:45:00+05:30,SELL,14814.0,14814.5,14813.0,2.0,200.0,0.8,280,pullback,pullback,corrective,,,MARUTI
2025-09-05 14:30:00+05:30,SELL,14812.0,14814.5,14813.0,,,0.95,280,breakout,breakout,corrective,,,MARUTI
2025-09-05 14:00:00+05:30,BUY,14813.0,14810.5,14818.0,2.0,40.0,0.8,281,pullback,pullback,corrective,,,MARUTI
2025-09-05 14:45:00+05:30,BUY,14850.0,14810.5,14818.0,,,0.95,281,breakout,breakout,corrective,,,MARUTI
2025-09-05 14:15:00+05:30,SELL,14818.0,14821.0,14812.0,2.0,33.333333333333336,0.8,282,pullback,pullback,corrective,,,MARUTI
2025-09-05 14:30:00+05:30,BUY,14812.0,14655.0,15126.0,2.0,0.6369426751592356,0.8,283,pullback,pullback,corrective,,,MARUTI
2025-09-08 09:15:00+05:30,BUY,14887.0,14767.5,15126.0,2.0,0.8368200836820083,0.8,284,pullback,pullback,corrective,,,MARUTI
2025-09-08 09:45:00+05:30,SELL,15126.0,15165.5,15047.0,2.0,2.5316455696202533,0.8,285,pullback,pullback,corrective,,,MARUTI
2025-09-08 10:15:00+05:30,BUY,15047.0,15001.0,15139.0,2.0,2.1739130434782608,0.8,286,pullback,pullback,corrective,,,MARUTI
2025-09-08 10:45:00+05:30,SELL,15139.0,15161.0,15095.0,2.0,4.545454545454546,0.8,287,pullback,pullback,corrective,,,MARUTI
2025-09-08 11:00:00+05:30,BUY,15095.0,15026.5,15232.0,2.0,1.4598540145985401,0.8,288,pullback,pullback,corrective,,,MARUTI
2025-09-08 13:00:00+05:30,SELL,15232.0,15238.5,15219.0,2.0,15.384615384615385,0.8,289,pullback,pullback,corrective,,,MARUTI
2025-09-08 13:15:00+05:30,BUY,15219.0,15173.5,15310.0,2.0,2.197802197802198,0.8,290,pullback,pullback,corrective,,,MARUTI
2025-09-08 14:30:00+05:30,SELL,15310.0,15337.0,15256.0,2.0,3.7037037037037037,0.8,291,pullback,pullback,corrective,,,MARUTI
2025-09-08 15:15:00+05:30,BUY,15256.0,15234.0,15300.0,2.0,4.545454545454546,0.8,292,pullback,pullback,corrective,,,MARUTI
2025-09-09 09:15:00+05:30,SELL,15300.0,15324.0,15252.0,2.0,4.166666666666667,0.8,293,pullback,pullback,corrective,,,MARUTI
2025-09-09 10:30:00+05:30,SELL,15246.0,15324.0,15252.0,,,0.95,293,breakout,breakout,corrective,,,MARUTI
2025-09-09 10:00:00+05:30,BUY,15252.0,15248.0,15260.0,2.0,25.0,0.8,294,pullback,pullback,corrective,,,MARUTI
2025-09-09 10:45:00+05:30,BUY,15280.0,15248.0,15260.0,,,0.95,294,breakout,breakout,corrective,,,MARUTI
2025-09-09 10:15:00+05:30,SELL,15260.0,15267.0,15246.0,2.0,14.285714285714286,0.8,295,pullback,pullback,corrective,,,MARUTI
2025-09-09 10:30:00+05:30,BUY,15246.0,15218.0,15302.0,2.0,3.5714285714285716,0.8,296,pullback,pullback,corrective,,,MARUTI
2025-09-09 11:30:00+05:30,BUY,15307.0,15218.0,15302.0,,,0.95,296,breakout,breakout,corrective,,,MARUTI
2025-09-09 11:00:00+05:30,SELL,15302.0,15315.5,15275.0,2.0,7.407407407407407,0.8,297,pullback,pullback,corrective,,,MARUTI
2025-09-09 12:15:00+05:30,SELL,15259.0,15315.5,15275.0,,,0.95,297,breakout,breakout,corrective,,,MARUTI
2025-09-09 11:15:00+05:30,BUY,15275.0,15259.0,15307.0,2.0,6.25,0.8,298,pullback,pullback,corrective,,,MARUTI
2025-09-09 12:00:00+05:30,BUY,15312.0,15259.0,15307.0,,,0.95,298,breakout,breakout,corrective,,,MARUTI
2025-09-09 11:30:00+05:30,SELL,15307.0,15311.0,15299.0,2.0,25.0,0.8,299,pullback,pullback,corrective,,,MARUTI
2025-09-09 11:45:00+05:30,BUY,15299.0,15292.5,15312.0,2.0,15.384615384615385,0.8,300,pullback,pullback,corrective,,,MARUTI
2025-09-09 12:00:00+05:30,SELL,15312.0,15338.5,15259.0,2.0,3.7735849056603774,0.8,301,pullback,pullback,corrective,,,MARUTI
2025-09-09 12:15:00+05:30,BUY,15259.0,15202.5,15372.0,2.0,1.7699115044247788,0.8,302,pullback,pullback,corrective,,,MARUTI
2025-09-09 14:15:00+05:30,SELL,15372.0,15393.5,15329.0,2.0,4.651162790697675,0.8,303,pullback,pullback,corrective,,,MARUTI
2025-09-10 09:15:00+05:30,SELL,15274.0,15393.5,15329.0,,,0.95,303,breakout,breakout,corrective,,,MARUTI
2025-09-09 14:30:00+05:30,BUY,15329.0,15312.0,15363.0,2.0,5.882352941176471,0.8,304,pullback,pullback,corrective,,,MARUTI
2025-09-09 15:00:00+05:30,SELL,15363.0,15407.5,15274.0,2.0,2.247191011235955,0.8,305,pullback,pullback,corrective,,,MARUTI
2025-09-10 09:15:00+05:30,BUY,15274.0,15258.5,15305.0,2.0,6.451612903225806,0.8,306,pullback,pullback,corrective,,,MARUTI
2025-09-10 09:30:00+05:30,SELL,15305.0,15321.5,15272.0,2.0,6.0606060606060606,0.8,307,pullback,pullback,corrective,,,MARUTI
2025-09-10 10:15:00+05:30,BUY,15272.0,15263.0,15290.0,2.0,11.11111111111111,0.8,308,pullback,pullback,corrective,,,MARUTI
2025-09-10 10:30:00+05:30,SELL,15290.0,15308.0,15254.0,2.0,5.555555555555555,0.8,309,pullback,pullback,corrective,,,MARUTI
2025-09-10 11:45:00+05:30,SELL,15162.0,15308.0,15254.0,,,0.95,309,breakout,breakout,corrective,,,MARUTI
2025-09-10 11:15:00+05:30,BUY,15254.0,15250.5,15261.0,2.0,28.571428571428573,0.8,310,pullback,pullback,corrective,,,MARUTI
2025-09-10 11:30:00+05:30,SELL,15261.0,15310.5,15162.0,2.0,2.0202020202020203,0.8,311,pullback,pullback,corrective,,,MARUTI
2025-09-10 11:45:00+05:30,BUY,15162.0,15136.0,15214.0,2.0,3.8461538461538463,0.8,312,pullback,pullback,corrective,,,MARUTI
2025-09-10 12:15:00+05:30,SELL,15214.0,15229.5,15183.0,2.0,6.451612903225806,0.8,313,pullback,pullback,corrective,,,MARUTI
2025-09-10 13:00:00+05:30,BUY,15183.0,15176.0,15197.0,2.0,14.285714285714286,0.8,314,pullback,pullback,corrective,,,MARUTI
2025-09-10 13:15:00+05:30,SELL,15197.0,15206.5,15178.0,2.0,10.526315789473685,0.8,315,pullback,pullback,corrective,,,MARUTI
2025-09-10 14:15:00+05:30,SELL,15104.0,15206.5,15178.0,,,0.95,315,breakout,breakout,corrective,,,MARUTI
2025-09-10 13:45:00+05:30,BUY,15178.0,15177.5,15179.0,2.0,200.0,0.8,316,pullback,pullback,corrective,,,MARUTI
2025-09-10 14:00:00+05:30,SELL,15179.0,15227.5,15082.0,2.0,2.0618556701030926,0.8,317,pullback,pullback,corrective,,,MARUTI
2025-09-10 14:30:00+05:30,BUY,15082.0,15051.5,15143.0,2.0,3.278688524590164,0.8,318,pullback,pullback,corrective,,,MARUTI
2025-09-11 09:15:00+05:30,SELL,15143.0,15184.5,15060.0,2.0,2.4096385542168677,0.8,319,pullback,pullback,corrective,,,MARUTI
2025-09-11 10:30:00+05:30,SELL,15045.0,15184.5,15060.0,,,0.95,319,breakout,breakout,corrective,,,MARUTI
2025-09-11 10:00:00+05:30,BUY,15060.0,15056.5,15067.0,2.0,28.571428571428573,0.8,320,pullback,pullback,corrective,,,MARUTI
2025-09-11 10:45:00+05:30,BUY,15078.0,15056.5,15067.0,,,0.95,320,breakout,breakout,corrective,,,MARUTI
2025-09-11 10:15:00+05:30,SELL,15067.0,15078.0,15045.0,2.0,9.090909090909092,0.8,321,pullback,pullback,corrective,,,MARUTI
2025-09-11 10:30:00+05:30,BUY,15045.0,15028.5,15078.0,2.0,6.0606060606060606,0.8,322,pullback,pullback,corrective,,,MARUTI
2025-09-11 11:30:00+05:30,BUY,15132.0,15028.5,15078.0,,,0.95,322,breakout,breakout,corrective,,,MARUTI
2025-09-11 10:45:00+05:30,SELL,15078.0,15085.0,15064.0,2.0,14.285714285714286,0.8,323,pullback,pullback,corrective,,,MARUTI
2025-09-11 11:00:00+05:30,BUY,15064.0,15018.5,15155.0,2.0,2.197802197802198,0.8,324,pullback,pullback,corrective,,,MARUTI
2025-09-11 12:00:00+05:30,SELL,15155.0,15173.0,15119.0,2.0,5.555555555555555,0.8,325,pullback,pullback,corrective,,,MARUTI
2025-09-11 12:15:00+05:30,BUY,15119.0,15115.5,15126.0,2.0,28.571428571428573,0.8,326,pullback,pullback,corrective,,,MARUTI
2025-09-11 13:15:00+05:30,BUY,15153.0,15115.5,15126.0,,,0.95,326,breakout,breakout,corrective,,,MARUTI
2025-09-11 12:45:00+05:30,SELL,15126.0,15129.0,15120.0,2.0,33.333333333333336,0.8,327,pullback,pullback,corrective,,,MARUTI
2025-09-11 14:00:00+05:30,SELL,15109.0,15129.0,15120.0,,,0.95,327,breakout,breakout,corrective,,,MARUTI
2025-09-11 13:00:00+05:30,BUY,15120.0,15103.5,15153.0,2.0,6.0606060606060606,0.8,328,pullback,pullback,corrective,,,MARUTI
2025-09-11 13:15:00+05:30,SELL,15153.0,15164.5,15130.0,2.0,8.695652173913043,0.8,329,pullback,pullback,corrective,,,MARUTI
2025-09-11 13:30:00+05:30,BUY,15130.0,15128.5,15133.0,2.0,66.66666666666667,0.8,330,pullback,pullback,corrective,,,MARUTI
2025-09-11 13:45:00+05:30,SELL,15133.0,15145.0,15109.0,2.0,8.333333333333334,0.8,331,pullback,pullback,corrective,,,MARUTI
2025-09-11 15:00:00+05:30,SELL,15091.0,15145.0,15109.0,,,0.95,331,breakout,breakout,corrective,,,MARUTI
2025-09-11 14:00:00+05:30,BUY,15109.0,15099.0,15129.0,2.0,10.0,0.8,332,pullback,pullback,corrective,,,MARUTI
2025-09-11 14:15:00+05:30,SELL,15129.0,15148.0,15091.0,2.0,5.2631578947368425,0.8,333,pullback,pullback,corrective,,,MARUTI
2025-09-11 15:00:00+05:30,BUY,15091.0,15001.0,15271.0,2.0,1.1111111111111112,0.8,334,pullback,pullback,corrective,,,MARUTI
2025-09-12 10:00:00+05:30,BUY,15311.0,15001.0,15271.0,,,0.95,334,breakout,breakout,corrective,,,MARUTI
2025-09-12 09:30:00+05:30,SELL,15271.0,15285.0,15243.0,2.0,7.142857142857143,0.8,335,pullback,pullback,corrective,,,MARUTI
2025-09-12 09:45:00+05:30,BUY,15243.0,15209.0,15311.0,2.0,2.9411764705882355,0.8,336,pullback,pullback,corrective,,,MARUTI
2025-09-12 10:30:00+05:30,BUY,15328.0,15209.0,15311.0,,,0.95,336,breakout,breakout,corrective,,,MARUTI
2025-09-12 10:00:00+05:30,SELL,15311.0,15311.5,15310.0,2.0,200.0,0.8,337,pullback,pullback,corrective,,,MARUTI
2025-09-12 10:15:00+05:30,BUY,15310.0,15297.5,15335.0,2.0,8.0,0.8,338,pullback,pullback,corrective,,,MARUTI
2025-09-12 10:45:00+05:30,SELL,15335.0,15340.0,15325.0,2.0,20.0,0.8,339,pullback,pullback,corrective,,,MARUTI
2025-09-12 11:30:00+05:30,SELL,15317.0,15340.0,15325.0,,,0.95,339,breakout,breakout,corrective,,,MARUTI
2025-09-12 11:00:00+05:30,BUY,15325.0,15322.5,15330.0,2.0,40.0,0.8,340,pullback,pullback,corrective,,,MARUTI
2025-09-12 12:00:00+05:30,BUY,15331.0,15322.5,15330.0,,,0.95,340,breakout,breakout,corrective,,,MARUTI
2025-09-12 11:15:00+05:30,SELL,15330.0,15336.5,15317.0,2.0,15.384615384615385,0.8,341,pullback,pullback,corrective,,,MARUTI
2025-09-12 11:30:00+05:30,BUY,15317.0,15301.0,15349.0,2.0,6.25,0.8,342,pullback,pullback,corrective,,,MARUTI
2025-09-12 12:15:00+05:30,SELL,15349.0,15362.0,15323.0,2.0,7.6923076923076925,0.8,343,pullback,pullback,corrective,,,MARUTI
2025-09-12 13:30:00+05:30,SELL,15315.0,15362.0,15323.0,,,0.95,343,breakout,breakout,corrective,,,MARUTI
2025-09-12 12:45:00+05:30,BUY,15323.0,15319.0,15331.0,2.0,25.0,0.8,344,pullback,pullback,corrective,,,MARUTI
2025-09-12 13:45:00+05:30,BUY,15332.0,15319.0,15331.0,,,0.95,344,breakout,breakout,corrective,,,MARUTI
2025-09-12 13:00:00+05:30,SELL,15331.0,15339.0,15315.0,2.0,12.5,0.8,345,pullback,pullback,corrective,,,MARUTI
2025-09-12 13:30:00+05:30,BUY,15315.0,15306.5,15332.0,2.0,11.764705882352942,0.8,346,pullback,pullback,corrective,,,MARUTI
2025-09-12 13:45:00+05:30,SELL,15332.0,15338.0,15320.0,2.0,16.666666666666668,0.8,347,pullback,pullback,corrective,,,MARUTI
2025-09-12 14:00:00+05:30,BUY,15320.0,15317.5,15325.0,2.0,40.0,0.8,348,pullback,pullback,corrective,,,MARUTI
2025-09-12 15:00:00+05:30,BUY,15330.0,15317.5,15325.0,,,0.95,348,breakout,breakout,corrective,,,MARUTI
2025-09-12 14:15:00+05:30,SELL,15325.0,15334.0,15307.0,2.0,11.11111111111111,0.8,349,pullback,pullback,corrective,,,MARUTI
2025-09-12 15:00:00+05:30,SELL,15330.0,15341.5,15307.0,2.0,8.695652173913043,0.8,350,pullback,pullback,corrective,,,MARUTI
2025-09-12 15:15:00+05:30,BUY,15307.0,15288.0,15345.0,2.0,5.2631578947368425,0.8,351,pullback,pullback,corrective,,,MARUTI
2025-09-15 09:15:00+05:30,SELL,15345.0,15357.5,15320.0,2.0,8.0,0.8,352,pullback,pullback,corrective,,,MARUTI
2025-09-15 10:00:00+05:30,SELL,15317.0,15357.5,15320.0,,,0.95,352,breakout,breakout,corrective,,,MARUTI
2025-09-15 09:30:00+05:30,BUY,15320.0,15316.5,15327.0,2.0,28.571428571428573,0.8,353,pullback,pullback,corrective,,,MARUTI
2025-09-15 10:15:00+05:30,BUY,15338.0,15316.5,15327.0,,,0.95,353,breakout,breakout,corrective,,,MARUTI
2025-09-15 09:45:00+05:30,SELL,15327.0,15332.0,15317.0,2.0,20.0,0.8,354,pullback,pullback,corrective,,,MARUTI
2025-09-15 11:00:00+05:30,SELL,15305.0,15332.0,15317.0,,,0.95,354,breakout,breakout,corrective,,,MARUTI
2025-09-15 10:00:00+05:30,BUY,15317.0,15306.5,15338.0,2.0,9.523809523809524,0.8,355,pullback,pullback,corrective,,,MARUTI
2025-09-15 10:15:00+05:30,SELL,15338.0,15354.5,15305.0,2.0,6.0606060606060606,0.8,356,pullback,pullback,corrective,,,MARUTI
2025-09-15 11:30:00+05:30,SELL,15304.0,15354.5,15305.0,,,0.95,356,breakout,breakout,corrective,,,MARUTI
2025-09-15 11:00:00+05:30,BUY,15305.0,15300.5,15314.0,2.0,22.22222222222222,0.8,357,pullback,pullback,corrective,,,MARUTI
2025-09-15 11:15:00+05:30,SELL,15314.0,15325.0,15292.0,2.0,9.090909090909092,0.8,358,pullback,pullback,corrective,,,MARUTI
2025-09-15 11:45:00+05:30,SELL,15282.0,15325.0,15292.0,,,0.95,358,breakout,breakout,corrective,,,MARUTI
2025-09-15 13:30:00+05:30,BUY,15292.0,15288.5,15299.0,2.0,28.571428571428573,0.8,359,pullback,pullback,corrective,,,MARUTI
2025-09-15 13:45:00+05:30,SELL,15299.0,15314.0,15269.0,2.0,6.666666666666667,0.8,360,pullback,pullback,corrective,,,MARUTI
2025-09-15 15:00:00+05:30,BUY,15269.0,15220.5,15366.0,2.0,2.0618556701030926,0.8,361,pullback,pullback,corrective,,,MARUTI
2025-09-16 09:45:00+05:30,SELL,15366.0,15372.0,15354.0,2.0,16.666666666666668,0.8,362,pullback,pullback,corrective,,,MARUTI
2025-09-16 10:00:00+05:30,BUY,15354.0,15343.5,15375.0,2.0,9.523809523809524,0.8,363,pullback,pullback,corrective,,,MARUTI
2025-09-16 10:30:00+05:30,SELL,15375.0,15382.5,15360.0,2.0,13.333333333333334,0.8,364,pullback,pullback,corrective,,,MARUTI
2025-09-16 11:30:00+05:30,SELL,15338.0,15382.5,15360.0,,,0.95,364,breakout,breakout,corrective,,,MARUTI
2025-09-16 10:45:00+05:30,BUY,15360.0,15355.0,15370.0,2.0,20.0,0.8,365,pullback,pullback,corrective,,,MARUTI
2025-09-16 11:00:00+05:30,SELL,15370.0,15386.0,15338.0,2.0,6.25,0.8,366,pullback,pullback,corrective,,,MARUTI
2025-09-16 11:30:00+05:30,BUY,15338.0,15299.5,15415.0,2.0,2.5974025974025974,0.8,367,pullback,pullback,corrective,,,MARUTI
2025-09-16 13:15:00+05:30,BUY,15400.0,15392.5,15415.0,2.0,13.333333333333334,0.8,368,pullback,pullback,corrective,,,MARUTI
2025-09-16 14:15:00+05:30,BUY,15496.0,15392.5,15415.0,,,0.95,368,breakout,breakout,corrective,,,MARUTI
2025-09-16 13:30:00+05:30,SELL,15415.0,15423.0,15399.0,2.0,12.5,0.8,369,pullback,pullback,corrective,,,MARUTI
2025-09-16 13:45:00+05:30,BUY,15399.0,15322.0,15553.0,2.0,1.2987012987012987,0.8,370,pullback,pullback,corrective,,,MARUTI
2025-09-16 15:00:00+05:30,BUY,15571.0,15322.0,15553.0,,,0.95,370,breakout,breakout,corrective,,,MARUTI
2025-09-16 14:30:00+05:30,SELL,15553.0,15554.0,15551.0,2.0,100.0,0.8,371,pullback,pullback,corrective,,,MARUTI
2025-09-16 14:45:00+05:30,BUY,15551.0,15446.0,15761.0,2.0,0.9523809523809523,0.8,372,pullback,pullback,corrective,,,MARUTI
2025-09-17 10:15:00+05:30,SELL,15761.0,15789.0,15705.0,2.0,3.5714285714285716,0.8,373,pullback,pullback,corrective,,,MARUTI
2025-09-17 10:30:00+05:30,BUY,15705.0,15688.0,15739.0,2.0,5.882352941176471,0.8,374,pullback,pullback,corrective,,,MARUTI
2025-09-17 11:00:00+05:30,SELL,15739.0,15749.5,15718.0,2.0,9.523809523809524,0.8,375,pullback,pullback,corrective,,,MARUTI
2025-09-17 11:30:00+05:30,BUY,15718.0,15717.0,15720.0,2.0,100.0,0.8,376,pullback,pullback,corrective,,,MARUTI
2025-09-17 12:15:00+05:30,BUY,15742.0,15717.0,15720.0,,,0.95,376,breakout,breakout,corrective,,,MARUTI
2025-09-17 11:45:00+05:30,SELL,15720.0,15720.5,15719.0,2.0,200.0,0.8,377,pullback,pullback,corrective,,,MARUTI
2025-09-17 12:00:00+05:30,BUY,15719.0,15687.0,15783.0,2.0,3.125,0.8,378,pullback,pullback,corrective,,,MARUTI
2025-09-17 13:00:00+05:30,SELL,15783.0,15785.5,15778.0,2.0,40.0,0.8,379,pullback,pullback,corrective,,,MARUTI
2025-09-17 14:15:00+05:30,SELL,15773.0,15785.5,15778.0,,,0.95,379,breakout,breakout,corrective,,,MARUTI
2025-09-17 13:30:00+05:30,BUY,15778.0,15767.5,15799.0,2.0,9.523809523809524,0.8,380,pullback,pullback,corrective,,,MARUTI
2025-09-17 14:30:00+05:30,BUY,15800.0,15767.5,15799.0,,,0.95,380,breakout,breakout,corrective,,,MARUTI
2025-09-17 13:45:00+05:30,SELL,15799.0,15812.0,15773.0,2.0,7.6923076923076925,0.8,381,pullback,pullback,corrective,,,MARUTI
2025-09-17 14:15:00+05:30,BUY,15773.0,15759.5,15800.0,2.0,7.407407407407407,0.8,382,pullback,pullback,corrective,,,MARUTI
2025-09-18 09:15:00+05:30,BUY,15851.0,15759.5,15800.0,,,0.95,382,breakout,breakout,corrective,,,MARUTI
2025-09-17 14:30:00+05:30,SELL,15800.0,15807.5,15785.0,2.0,13.333333333333334,0.8,383,pullback,pullback,corrective,,,MARUTI
2025-09-17 14:45:00+05:30,BUY,15785.0,15778.5,15798.0,2.0,15.384615384615385,0.8,384,pullback,pullback,corrective,,,MARUTI
2025-09-17 15:00:00+05:30,SELL,15798.0,15802.0,15790.0,2.0,25.0,0.8,385,pullback,pullback,corrective,,,MARUTI
2025-09-17 15:15:00+05:30,BUY,15790.0,15737.5,15895.0,2.0,1.9047619047619047,0.8,386,pullback,pullback,corrective,,,MARUTI
2025-09-18 10:00:00+05:30,BUY,15898.0,15737.5,15895.0,,,0.95,386,breakout,breakout,corrective,,,MARUTI
2025-09-18 09:30:00+05:30,SELL,15895.0,15907.5,15870.0,2.0,8.0,0.8,387,pullback,pullback,corrective,,,MARUTI
2025-09-18 09:45:00+05:30,BUY,15870.0,15856.0,15898.0,2.0,7.142857142857143,0.8,388,pullback,pullback,corrective,,,MARUTI
2025-09-18 10:00:00+05:30,SELL,15898.0,15907.5,15879.0,2.0,10.526315789473685,0.8,389,pullback,pullback,corrective,,,MARUTI
2025-09-18 10:45:00+05:30,BUY,15879.0,15872.0,15893.0,2.0,14.285714285714286,0.8,390,pullback,pullback,corrective,,,MARUTI
2025-09-18 11:00:00+05:30,SELL,15893.0,15905.5,15868.0,2.0,8.0,0.8,391,pullback,pullback,corrective,,,MARUTI
2025-09-18 11:30:00+05:30,BUY,15868.0,15862.0,15880.0,2.0,16.666666666666668,0.8,392,pullback,pullback,corrective,,,MARUTI
2025-09-18 12:00:00+05:30,SELL,15880.0,15954.5,15731.0,2.0,1.342281879194631,0.8,393,pullback,pullback,corrective,,,MARUTI
2025-09-18 13:30:00+05:30,BUY,15731.0,15669.0,15855.0,2.0,1.6129032258064515,0.8,394,pullback,pullback,corrective,,,MARUTI
2025-09-18 14:15:00+05:30,BUY,15733.0,15672.0,15855.0,2.0,1.639344262295082,0.8,395,pullback,pullback,corrective,,,MARUTI
2025-09-19 09:15:00+05:30,SELL,15855.0,15867.0,15831.0,2.0,8.333333333333334,0.8,396,pullback,pullback,corrective,,,MARUTI
2025-09-19 09:45:00+05:30,BUY,15831.0,15815.5,15862.0,2.0,6.451612903225806,0.8,397,pullback,pullback,corrective,,,MARUTI
2025-09-19 10:15:00+05:30,SELL,15862.0,15870.5,15845.0,2.0,11.764705882352942,0.8,398,pullback,pullback,corrective,,,MARUTI
2025-09-19 10:45:00+05:30,BUY,15845.0,15832.0,15871.0,2.0,7.6923076923076925,0.8,399,pullback,pullback,corrective,,,MARUTI
2025-09-19 11:30:00+05:30,SELL,15871.0,15877.0,15859.0,2.0,16.666666666666668,0.8,400,pullback,pullback,corrective,,,MARUTI
2025-09-19 11:45:00+05:30,BUY,15859.0,15838.0,15901.0,2.0,4.761904761904762,0.8,401,pullback,pullback,corrective,,,MARUTI
2025-09-19 13:00:00+05:30,BUY,15906.0,15838.0,15901.0,,,0.95,401,breakout,breakout,corrective,,,MARUTI
2025-09-19 12:30:00+05:30,SELL,15901.0,15909.0,15885.0,2.0,12.5,0.8,402,pullback,pullback,corrective,,,MARUTI
2025-09-19 12:45:00+05:30,BUY,15885.0,15864.0,15927.0,2.0,4.761904761904762,0.8,403,pullback,pullback,corrective,,,MARUTI
2025-09-19 13:15:00+05:30,SELL,15927.0,15934.0,15913.0,2.0,14.285714285714286,0.8,404,pullback,pullback,corrective,,,MARUTI
2025-09-19 14:15:00+05:30,SELL,15888.0,15934.0,15913.0,,,0.95,404,breakout,breakout,corrective,,,MARUTI
2025-09-19 13:30:00+05:30,BUY,15913.0,15907.5,15924.0,2.0,18.181818181818183,0.8,405,pullback,pullback,corrective,,,MARUTI
2025-09-19 14:00:00+05:30,SELL,15924.0,15942.0,15888.0,2.0,5.555555555555555,0.8,406,pullback,pullback,corrective,,,MARUTI
2025-09-19 14:45:00+05:30,SELL,15874.0,15942.0,15888.0,,,0.95,406,breakout,breakout,corrective,,,MARUTI
2025-09-19 14:15:00+05:30,BUY,15888.0,15885.0,15894.0,2.0,33.333333333333336,0.8,407,pullback,pullback,corrective,,,MARUTI
2025-09-22 09:15:00+05:30,BUY,15928.0,15885.0,15894.0,,,0.95,407,breakout,breakout,corrective,,,MARUTI
2025-09-19 14:30:00+05:30,SELL,15894.0,15916.0,15850.0,2.0,4.545454545454546,0.8,408,pullback,pullback,corrective,,,MARUTI
2025-09-19 15:00:00+05:30,BUY,15850.0,15805.0,15940.0,2.0,2.2222222222222223,0.8,409,pullback,pullback,corrective,,,MARUTI
2025-09-22 09:30:00+05:30,SELL,15940.0,15948.5,15923.0,2.0,11.764705882352942,0.8,410,pullback,pullback,corrective,,,MARUTI
2025-09-22 10:00:00+05:30,BUY,15923.0,15895.0,15979.0,2.0,3.5714285714285716,0.8,411,pullback,pullback,corrective,,,MARUTI
2025-09-22 10:30:00+05:30,SELL,15979.0,15993.5,15950.0,2.0,6.896551724137931,0.8,412,pullback,pullback,corrective,,,MARUTI
2025-09-22 11:15:00+05:30,BUY,15950.0,15942.0,15966.0,2.0,12.5,0.8,413,pullback,pullback,corrective,,,MARUTI
2025-09-22 11:30:00+05:30,SELL,15966.0,15991.5,15915.0,2.0,3.9215686274509802,0.8,414,pullback,pullback,corrective,,,MARUTI
2025-09-22 12:30:00+05:30,BUY,15915.0,15914.5,15916.0,2.0,200.0,0.8,415,pullback,pullback,corrective,,,MARUTI
2025-09-22 12:45:00+05:30,SELL,15916.0,15924.5,15899.0,2.0,11.764705882352942,0.8,416,pullback,pullback,corrective,,,MARUTI
2025-09-22 13:15:00+05:30,BUY,15899.0,15891.5,15914.0,2.0,13.333333333333334,0.8,417,pullback,pullback,corrective,,,MARUTI
2025-09-22 13:30:00+05:30,SELL,15914.0,15981.5,15779.0,2.0,1.4814814814814814,0.8,418,pullback,pullback,corrective,,,MARUTI
2025-09-22 15:15:00+05:30,BUY,15779.0,15547.0,16243.0,2.0,0.43103448275862066,0.8,419,pullback,pullback,impulse,,,MARUTI
2025-09-23 09:15:00+05:30,SELL,16243.0,16290.5,16148.0,2.0,2.1052631578947367,0.8,420,pullback,pullback,impulse,,,MARUTI
2025-09-23 09:30:00+05:30,BUY,16148.0,16129.5,16185.0,2.0,5.405405405405405,0.8,421,pullback,pullback,corrective,,,MARUTI
2025-09-23 10:45:00+05:30,BUY,16194.0,16129.5,16185.0,,,0.95,421,breakout,breakout,corrective,,,MARUTI
2025-09-23 09:45:00+05:30,SELL,16185.0,16195.0,16165.0,2.0,10.0,0.8,422,pullback,pullback,corrective,,,MARUTI
2025-09-23 11:00:00+05:30,SELL,16125.0,16195.0,16165.0,,,0.95,422,breakout,breakout,corrective,,,MARUTI
2025-09-23 10:15:00+05:30,BUY,16165.0,16150.5,16194.0,2.0,6.896551724137931,0.8,423,pullback,pullback,corrective,,,MARUTI
2025-09-23 10:45:00+05:30,SELL,16194.0,16259.5,16063.0,2.0,1.5267175572519085,0.8,424,pullback,pullback,corrective,,,MARUTI
2025-09-23 12:00:00+05:30,BUY,16063.0,16047.0,16095.0,2.0,6.25,0.8,425,pullback,pullback,corrective,,,MARUTI
2025-09-23 12:45:00+05:30,SELL,16095.0,16108.0,16069.0,2.0,7.6923076923076925,0.8,426,pullback,pullback,corrective,,,MARUTI
2025-09-23 13:15:00+05:30,BUY,16069.0,16050.0,16107.0,2.0,5.2631578947368425,0.8,427,pullback,pullback,corrective,,,MARUTI
2025-09-23 14:15:00+05:30,SELL,16107.0,16118.0,16085.0,2.0,9.090909090909092,0.8,428,pullback,pullback,corrective,,,MARUTI
2025-09-23 15:15:00+05:30,SELL,16083.0,16118.0,16085.0,,,0.95,428,breakout,breakout,corrective,,,MARUTI
2025-09-23 14:45:00+05:30,BUY,16085.0,16076.0,16103.0,2.0,11.11111111111111,0.8,429,pullback,pullback,corrective,,,MARUTI
2025-09-24 09:15:00+05:30,BUY,16128.0,16076.0,16103.0,,,0.95,429,breakout,breakout,corrective,,,MARUTI
2025-09-23 15:00:00+05:30,SELL,16103.0,16113.0,16083.0,2.0,10.0,0.8,430,pullback,pullback,corrective,,,MARUTI
2025-09-23 15:15:00+05:30,BUY,16083.0,15971.0,16307.0,2.0,0.8928571428571429,0.8,431,pullback,pullback,corrective,,,MARUTI
2025-09-24 10:00:00+05:30,SELL,16307.0,16353.0,16215.0,2.0,2.1739130434782608,0.8,432,pullback,pullback,corrective,,,MARUTI
2025-09-24 11:00:00+05:30,BUY,16215.0,16192.5,16260.0,2.0,4.444444444444445,0.8,433,pullback,pullback,corrective,,,MARUTI
2025-09-24 11:45:00+05:30,SELL,16260.0,16269.5,16241.0,2.0,10.526315789473685,0.8,434,pullback,pullback,corrective,,,MARUTI
2025-09-24 12:30:00+05:30,SELL,16240.0,16269.5,16241.0,,,0.95,434,breakout,breakout,corrective,,,MARUTI
2025-09-24 12:00:00+05:30,BUY,16241.0,16236.5,16250.0,2.0,22.22222222222222,0.8,435,pullback,pullback,corrective,,,MARUTI
2025-09-24 12:15:00+05:30,SELL,16250.0,16255.0,16240.0,2.0,20.0,0.8,436,pullback,pullback,corrective,,,MARUTI
2025-09-24 13:00:00+05:30,SELL,16236.0,16255.0,16240.0,,,0.95,436,breakout,breakout,corrective,,,MARUTI
2025-09-24 12:30:00+05:30,BUY,16240.0,16237.5,16245.0,2.0,40.0,0.8,437,pullback,pullback,corrective,,,MARUTI
2025-09-24 13:30:00+05:30,BUY,16250.0,16237.5,16245.0,,,0.95,437,breakout,breakout,corrective,,,MARUTI
2025-09-24 12:45:00+05:30,SELL,16245.0,16249.5,16236.0,2.0,22.22222222222222,0.8,438,pullback,pullback,corrective,,,MARUTI
2025-09-24 13:00:00+05:30,BUY,16236.0,16225.5,16257.0,2.0,9.523809523809524,0.8,439,pullback,pullback,corrective,,,MARUTI
2025-09-24 14:00:00+05:30,SELL,16257.0,16273.5,16224.0,2.0,6.0606060606060606,0.8,440,pullback,pullback,corrective,,,MARUTI
2025-09-24 14:45:00+05:30,BUY,16224.0,16209.0,16254.0,2.0,6.666666666666667,0.8,441,pullback,pullback,corrective,,,MARUTI
2025-09-24 15:15:00+05:30,SELL,16254.0,16321.5,16119.0,2.0,1.4814814814814814,0.8,442,pullback,pullback,corrective,,,MARUTI
2025-09-25 09:45:00+05:30,BUY,16119.0,16098.5,16160.0,2.0,4.878048780487805,0.8,443,pullback,pullback,corrective,,,MARUTI
2025-09-25 10:15:00+05:30,SELL,16160.0,16181.0,16118.0,2.0,4.761904761904762,0.8,444,pullback,pullback,corrective,,,MARUTI
2025-09-25 10:30:00+05:30,BUY,16118.0,16102.5,16149.0,2.0,6.451612903225806,0.8,445,pullback,pullback,corrective,,,MARUTI
2025-09-25 11:45:00+05:30,BUY,16172.0,16102.5,16149.0,,,0.95,445,breakout,breakout,corrective,,,MARUTI
2025-09-25 11:15:00+05:30,SELL,16149.0,16156.0,16135.0,2.0,14.285714285714286,0.8,446,pullback,pullback,corrective,,,MARUTI
2025-09-25 11:30:00+05:30,BUY,16135.0,16093.5,16218.0,2.0,2.4096385542168677,0.8,447,pullback,pullback,corrective,,,MARUTI
2025-09-25 12:45:00+05:30,BUY,16265.0,16093.5,16218.0,,,0.95,447,breakout,breakout,corrective,,,MARUTI
2025-09-25 12:15:00+05:30,SELL,16218.0,16228.5,16197.0,2.0,9.523809523809524,0.8,448,pullback,pullback,corrective,,,MARUTI
2025-09-25 12:30:00+05:30,BUY,16197.0,16163.0,16265.0,2.0,2.9411764705882355,0.8,449,pullback,pullback,corrective,,,MARUTI
2025-09-25 13:15:00+05:30,BUY,16294.0,16163.0,16265.0,,,0.95,449,breakout,breakout,corrective,,,MARUTI
2025-09-25 12:45:00+05:30,SELL,16265.0,16273.5,16248.0,2.0,11.764705882352942,0.8,450,pullback,pullback,corrective,,,MARUTI
2025-09-25 13:00:00+05:30,BUY,16248.0,16198.0,16348.0,2.0,2.0,0.8,451,pullback,pullback,corrective,,,MARUTI
2025-09-25 13:45:00+05:30,SELL,16348.0,16404.0,16236.0,2.0,1.7857142857142858,0.8,452,pullback,pullback,corrective,,,MARUTI
2025-09-25 15:15:00+05:30,BUY,16236.0,16142.0,16424.0,2.0,1.0638297872340425,0.8,453,pullback,pullback,corrective,,,MARUTI
2025-09-26 10:00:00+05:30,SELL,16424.0,16442.5,16387.0,2.0,5.405405405405405,0.8,454,pullback,pullback,corrective,,,MARUTI
2025-09-26 11:15:00+05:30,BUY,16387.0,16381.0,16399.0,2.0,16.666666666666668,0.8,455,pullback,pullback,corrective,,,MARUTI
2025-09-26 11:30:00+05:30,SELL,16399.0,16427.5,16342.0,2.0,3.508771929824561,0.8,456,pullback,pullback,corrective,,,MARUTI
2025-09-26 12:15:00+05:30,BUY,16342.0,16330.5,16365.0,2.0,8.695652173913043,0.8,457,pullback,pullback,corrective,,,MARUTI
2025-09-26 13:00:00+05:30,SELL,16365.0,16388.0,16319.0,2.0,4.3478260869565215,0.8,458,pullback,pullback,corrective,,,MARUTI
2025-09-26 13:45:00+05:30,BUY,16319.0,16307.0,16343.0,2.0,8.333333333333334,0.8,459,pullback,pullback,corrective,,,MARUTI
2025-09-26 14:00:00+05:30,SELL,16343.0,16381.0,16267.0,2.0,2.6315789473684212,0.8,460,pullback,pullback,corrective,,,MARUTI
2025-09-26 15:00:00+05:30,BUY,16267.0,16247.0,16307.0,2.0,5.0,0.8,461,pullback,pullback,corrective,,,MARUTI
2025-09-26 15:15:00+05:30,SELL,16307.0,16358.0,16205.0,2.0,1.9607843137254901,0.8,462,pullback,pullback,corrective,,,MARUTI
2025-09-29 09:45:00+05:30,SELL,16140.0,16358.0,16205.0,,,0.95,462,breakout,breakout,corrective,,,MARUTI
2025-09-29 09:15:00+05:30,BUY,16205.0,16202.0,16211.0,2.0,33.333333333333336,0.8,463,pullback,pullback,corrective,,,MARUTI
2025-09-29 09:30:00+05:30,SELL,16211.0,16253.5,16126.0,2.0,2.3529411764705883,0.8,464,pullback,pullback,corrective,,,MARUTI
2025-09-29 10:30:00+05:30,SELL,16118.0,16253.5,16126.0,,,0.95,464,breakout,breakout,corrective,,,MARUTI
2025-09-29 10:00:00+05:30,BUY,16126.0,16118.5,16141.0,2.0,13.333333333333334,0.8,465,pullback,pullback,corrective,,,MARUTI
2025-09-29 10:15:00+05:30,SELL,16141.0,16189.0,16045.0,2.0,2.0833333333333335,0.8,466,pullback,pullback,corrective,,,MARUTI
2025-09-29 11:30:00+05:30,SELL,16019.0,16189.0,16045.0,,,0.95,466,breakout,breakout,corrective,,,MARUTI
2025-09-29 11:00:00+05:30,BUY,16045.0,16040.5,16054.0,2.0,22.22222222222222,0.8,467,pullback,pullback,corrective,,,MARUTI
2025-09-29 12:00:00+05:30,BUY,16064.0,16040.5,16054.0,,,0.95,467,breakout,breakout,corrective,,,MARUTI
2025-09-29 11:15:00+05:30,SELL,16054.0,16071.5,16019.0,2.0,5.714285714285714,0.8,468,pullback,pullback,corrective,,,MARUTI
2025-09-29 11:30:00+05:30,BUY,16019.0,15983.5,16090.0,2.0,2.816901408450704,0.8,469,pullback,pullback,corrective,,,MARUTI
2025-09-29 12:15:00+05:30,SELL,16090.0,16111.0,16048.0,2.0,4.761904761904762,0.8,470,pullback,pullback,corrective,,,MARUTI
2025-09-29 12:45:00+05:30,BUY,16048.0,15972.0,16200.0,2.0,1.3157894736842106,0.8,471,pullback,pullback,corrective,,,MARUTI
2025-09-29 13:45:00+05:30,SELL,16200.0,16228.5,16143.0,2.0,3.508771929824561,0.8,472,pullback,pullback,corrective,,,MARUTI
2025-09-29 14:45:00+05:30,SELL,16117.0,16228.5,16143.0,,,0.95,472,breakout,breakout,corrective,,,MARUTI
2025-09-29 14:15:00+05:30,BUY,16143.0,16137.0,16155.0,2.0,16.666666666666668,0.8,473,pullback,pullback,corrective,,,MARUTI
2025-09-29 14:30:00+05:30,SELL,16155.0,16246.0,15973.0,2.0,1.098901098901099,0.8,474,pullback,pullback,corrective,,,MARUTI
2025-09-29 15:00:00+05:30,BUY,15973.0,15959.5,16000.0,2.0,7.407407407407407,0.8,475,pullback,pullback,corrective,,,MARUTI
2025-09-29 15:15:00+05:30,SELL,16000.0,16031.5,15937.0,2.0,3.1746031746031744,0.8,476,pullback,pullback,corrective,,,MARUTI
2025-09-30 09:45:00+05:30,BUY,15937.0,15921.0,15969.0,2.0,6.25,0.8,477,pullback,pullback,corrective,,,MARUTI
2025-09-30 10:15:00+05:30,SELL,15969.0,15985.5,15936.0,2.0,6.0606060606060606,0.8,478,pullback,pullback,corrective,,,MARUTI
2025-09-30 11:00:00+05:30,BUY,15936.0,15922.5,15963.0,2.0,7.407407407407407,0.8,479,pullback,pullback,corrective,,,MARUTI
2025-09-30 12:00:00+05:30,BUY,15999.0,15922.5,15963.0,,,0.95,479,breakout,breakout,corrective,,,MARUTI
2025-09-30 11:30:00+05:30,SELL,15963.0,15965.0,15959.0,2.0,50.0,0.8,480,pullback,pullback,corrective,,,MARUTI
2025-09-30 11:45:00+05:30,BUY,15959.0,15935.5,16006.0,2.0,4.25531914893617,0.8,481,pullback,pullback,corrective,,,MARUTI
2025-09-30 13:00:00+05:30,BUY,16008.0,15935.5,16006.0,,,0.95,481,breakout,breakout,corrective,,,MARUTI
2025-09-30 12:30:00+05:30,SELL,16006.0,16008.0,16002.0,2.0,50.0,0.8,482,pullback,pullback,corrective,,,MARUTI
2025-09-30 12:45:00+05:30,BUY,16002.0,15999.0,16008.0,2.0,33.333333333333336,0.8,483,pullback,pullback,corrective,,,MARUTI
2025-09-30 13:30:00+05:30,BUY,16027.0,15999.0,16008.0,,,0.95,483,breakout,breakout,corrective,,,MARUTI
2025-09-30 13:00:00+05:30,SELL,16008.0,16008.5,16007.0,2.0,200.0,0.8,484,pullback,pullback,corrective,,,MARUTI
2025-09-30 14:00:00+05:30,SELL,16005.0,16008.5,16007.0,,,0.95,484,breakout,breakout,corrective,,,MARUTI
2025-09-30 13:15:00+05:30,BUY,16007.0,15997.0,16027.0,2.0,10.0,0.8,485,pullback,pullback,corrective,,,MARUTI
2025-09-30 13:30:00+05:30,SELL,16027.0,16045.5,15990.0,2.0,5.405405405405405,0.8,486,pullback,pullback,corrective,,,MARUTI
2025-09-30 14:15:00+05:30,BUY,15990.0,15978.0,16014.0,2.0,8.333333333333334,0.8,487,pullback,pullback,corrective,,,MARUTI
2025-09-30 15:00:00+05:30,BUY,16027.0,15978.0,16014.0,,,0.95,487,breakout,breakout,corrective,,,MARUTI
2025-09-30 14:30:00+05:30,SELL,16014.0,16024.0,15994.0,2.0,10.0,0.8,488,pullback,pullback,corrective,,,MARUTI
2025-09-30 14:45:00+05:30,BUY,15994.0,15961.0,16060.0,2.0,3.0303030303030303,0.8,489,pullback,pullback,corrective,,,MARUTI
2025-10-01 09:30:00+05:30,SELL,16060.0,16137.5,15905.0,2.0,1.2903225806451613,0.8,490,pullback,pullback,corrective,,,MARUTI
2025-10-01 10:15:00+05:30,BUY,15905.0,15896.5,15922.0,2.0,11.764705882352942,0.8,491,pullback,pullback,corrective,,,MARUTI
2025-10-01 10:30:00+05:30,SELL,15922.0,15930.5,15905.0,2.0,11.764705882352942,0.8,492,pullback,pullback,corrective,,,MARUTI
2025-10-01 11:15:00+05:30,SELL,15901.0,15930.5,15905.0,,,0.95,492,breakout,breakout,corrective,,,MARUTI
2025-10-01 10:45:00+05:30,BUY,15905.0,15902.0,15911.0,2.0,33.333333333333336,0.8,493,pullback,pullback,corrective,,,MARUTI
2025-10-01 11:30:00+05:30,BUY,15921.0,15902.0,15911.0,,,0.95,493,breakout,breakout,corrective,,,MARUTI
2025-10-01 11:00:00+05:30,SELL,15911.0,15916.0,15901.0,2.0,20.0,0.8,494,pullback,pullback,corrective,,,MARUTI
2025-10-01 11:45:00+05:30,SELL,15880.0,15916.0,15901.0,,,0.95,494,breakout,breakout,corrective,,,MARUTI
2025-10-01 11:15:00+05:30,BUY,15901.0,15891.0,15921.0,2.0,10.0,0.8,495,pullback,pullback,corrective,,,MARUTI
2025-10-01 11:30:00+05:30,SELL,15921.0,15941.5,15880.0,2.0,4.878048780487805,0.8,496,pullback,pullback,corrective,,,MARUTI
2025-10-01 12:15:00+05:30,SELL,15865.0,15941.5,15880.0,,,0.95,496,breakout,breakout,corrective,,,MARUTI
2025-10-01 11:45:00+05:30,BUY,15880.0,15877.5,15885.0,2.0,40.0,0.8,497,pullback,pullback,corrective,,,MARUTI
2025-10-01 13:00:00+05:30,BUY,15897.0,15877.5,15885.0,,,0.95,497,breakout,breakout,corrective,,,MARUTI
2025-10-01 12:00:00+05:30,SELL,15885.0,15895.0,15865.0,2.0,10.0,0.8,498,pullback,pullback,corrective,,,MARUTI
2025-10-01 12:15:00+05:30,BUY,15865.0,15849.0,15897.0,2.0,6.25,0.8,499,pullback,pullback,corrective,,,MARUTI
2025-10-01 13:00:00+05:30,SELL,15897.0,15906.5,15878.0,2.0,10.526315789473685,0.8,500,pullback,pullback,corrective,,,MARUTI
2025-10-01 13:30:00+05:30,BUY,15878.0,15868.0,15898.0,2.0,10.0,0.8,501,pullback,pullback,corrective,,,MARUTI
2025-10-01 14:30:00+05:30,BUY,15935.0,15868.0,15898.0,,,0.95,501,breakout,breakout,corrective,,,MARUTI
2025-10-01 13:45:00+05:30,SELL,15898.0,15900.0,15894.0,2.0,50.0,0.8,502,pullback,pullback,corrective,,,MARUTI
2025-10-01 14:15:00+05:30,BUY,15894.0,15873.5,15935.0,2.0,4.878048780487805,0.8,503,pullback,pullback,corrective,,,MARUTI
2025-10-01 15:00:00+05:30,BUY,15967.0,15873.5,15935.0,,,0.95,503,breakout,breakout,corrective,,,MARUTI
2025-10-01 14:30:00+05:30,SELL,15935.0,15946.0,15913.0,2.0,9.090909090909092,0.8,504,pullback,pullback,corrective,,,MARUTI
2025-10-03 09:15:00+05:30,SELL,15849.0,15946.0,15913.0,,,0.95,504,breakout,breakout,corrective,,,MARUTI
2025-10-01 14:45:00+05:30,BUY,15913.0,15884.5,15970.0,2.0,3.508771929824561,0.8,505,pullback,pullback,corrective,,,MARUTI
2025-10-01 15:15:00+05:30,SELL,15970.0,16030.5,15849.0,2.0,1.6528925619834711,0.8,506,pullback,pullback,corrective,,,MARUTI
2025-10-03 09:45:00+05:30,SELL,15822.0,16030.5,15849.0,,,0.95,506,breakout,breakout,corrective,,,MARUTI
2025-10-03 09:15:00+05:30,BUY,15849.0,15819.5,15908.0,2.0,3.389830508474576,0.8,507,pullback,pullback,corrective,,,MARUTI
2025-10-03 09:30:00+05:30,SELL,15908.0,15959.0,15806.0,2.0,1.9607843137254901,0.8,508,pullback,pullback,corrective,,,MARUTI
2025-10-03 10:30:00+05:30,SELL,15774.0,15959.0,15806.0,,,0.95,508,breakout,breakout,corrective,,,MARUTI
2025-10-03 10:00:00+05:30,BUY,15806.0,15795.5,15827.0,2.0,9.523809523809524,0.8,509,pullback,pullback,corrective,,,MARUTI
2025-10-03 11:00:00+05:30,BUY,15882.0,15795.5,15827.0,,,0.95,509,breakout,breakout,corrective,,,MARUTI
2025-10-03 10:15:00+05:30,SELL,15827.0,15853.5,15774.0,2.0,3.7735849056603774,0.8,510,pullback,pullback,corrective,,,MARUTI
2025-10-03 10:30:00+05:30,BUY,15774.0,15720.0,15882.0,2.0,1.8518518518518519,0.8,511,pullback,pullback,corrective,,,MARUTI
2025-10-03 11:00:00+05:30,SELL,15882.0,15912.5,15821.0,2.0,3.278688524590164,0.8,512,pullback,pullback,corrective,,,MARUTI
2025-10-03 12:15:00+05:30,SELL,15811.0,15912.5,15821.0,,,0.95,512,breakout,breakout,corrective,,,MARUTI
2025-10-03 11:45:00+05:30,BUY,15821.0,15811.0,15841.0,2.0,10.0,0.8,513,pullback,pullback,corrective,,,MARUTI
2025-10-03 12:00:00+05:30,SELL,15841.0,15864.0,15795.0,2.0,4.3478260869565215,0.8,514,pullback,pullback,corrective,,,MARUTI
2025-10-03 12:30:00+05:30,BUY,15795.0,15783.0,15819.0,2.0,8.333333333333334,0.8,515,pullback,pullback,corrective,,,MARUTI
2025-10-03 13:15:00+05:30,SELL,15819.0,15855.5,15746.0,2.0,2.73972602739726,0.8,516,pullback,pullback,corrective,,,MARUTI
2025-10-03 14:00:00+05:30,BUY,15746.0,15715.0,15808.0,2.0,3.225806451612903,0.8,517,pullback,pullback,corrective,,,MARUTI
2025-10-03 14:45:00+05:30,SELL,15808.0,15814.5,15795.0,2.0,15.384615384615385,0.8,518,pullback,pullback,corrective,,,MARUTI
2025-10-06 09:15:00+05:30,SELL,15760.0,15814.5,15795.0,,,0.95,518,breakout,breakout,corrective,,,MARUTI
2025-10-03 15:00:00+05:30,BUY,15795.0,15788.5,15808.0,2.0,15.384615384615385,0.8,519,pullback,pullback,corrective,,,MARUTI
2025-10-06 09:30:00+05:30,BUY,15820.0,15788.5,15808.0,,,0.95,519,breakout,breakout,corrective,,,MARUTI
2025-10-03 15:15:00+05:30,SELL,15808.0,15832.0,15760.0,2.0,4.166666666666667,0.8,520,pullback,pullback,corrective,,,MARUTI
2025-10-06 09:15:00+05:30,BUY,15760.0,15662.5,15955.0,2.0,1.0256410256410255,0.8,521,pullback,pullback,corrective,,,MARUTI
2025-10-06 10:15:00+05:30,SELL,15955.0,15963.5,15938.0,2.0,11.764705882352942,0.8,522,pullback,pullback,corrective,,,MARUTI
2025-10-06 10:30:00+05:30,BUY,15938.0,15893.5,16027.0,2.0,2.247191011235955,0.8,523,pullback,pullback,corrective,,,MARUTI
2025-10-06 11:00:00+05:30,SELL,16027.0,16060.0,15961.0,2.0,3.0303030303030303,0.8,524,pullback,pullback,corrective,,,MARUTI
2025-10-06 11:45:00+05:30,BUY,15961.0,15917.5,16048.0,2.0,2.2988505747126435,0.8,525,pullback,pullback,corrective,,,MARUTI
2025-10-06 12:30:00+05:30,SELL,16048.0,16081.5,15981.0,2.0,2.985074626865672,0.8,526,pullback,pullback,corrective,,,MARUTI
2025-10-06 13:30:00+05:30,BUY,15981.0,15945.5,16052.0,2.0,2.816901408450704,0.8,527,pullback,pullback,corrective,,,MARUTI
2025-10-06 13:45:00+05:30,SELL,16052.0,16092.5,15971.0,2.0,2.4691358024691357,0.8,528,pullback,pullback,corrective,,,MARUTI
2025-10-06 14:30:00+05:30,BUY,15971.0,15963.0,15987.0,2.0,12.5,0.8,529,pullback,pullback,corrective,,,MARUTI
2025-10-06 15:15:00+05:30,BUY,16001.0,15963.0,15987.0,,,0.95,529,breakout,breakout,corrective,,,MARUTI
2025-10-06 14:45:00+05:30,SELL,15987.0,15987.5,15986.0,2.0,200.0,0.8,530,pullback,pullback,corrective,,,MARUTI
2025-10-06 15:00:00+05:30,BUY,15986.0,15905.0,16148.0,2.0,1.2345679012345678,0.8,531,pullback,pullback,corrective,,,MARUTI
2025-10-07 10:45:00+05:30,SELL,16148.0,16174.0,16096.0,2.0,3.8461538461538463,0.8,532,pullback,pullback,corrective,,,MARUTI
2025-10-07 11:30:00+05:30,BUY,16096.0,16082.5,16123.0,2.0,7.407407407407407,0.8,533,pullback,pullback,corrective,,,MARUTI
2025-10-07 12:45:00+05:30,BUY,16133.0,16082.5,16123.0,,,0.95,533,breakout,breakout,corrective,,,MARUTI
2025-10-07 12:15:00+05:30,SELL,16123.0,16125.0,16119.0,2.0,50.0,0.8,534,pullback,pullback,corrective,,,MARUTI
2025-10-07 12:30:00+05:30,BUY,16119.0,16112.0,16133.0,2.0,14.285714285714286,0.8,535,pullback,pullback,corrective,,,MARUTI
2025-10-07 12:45:00+05:30,SELL,16133.0,16139.5,16120.0,2.0,15.384615384615385,0.8,536,pullback,pullback,corrective,,,MARUTI
2025-10-07 13:15:00+05:30,BUY,16120.0,16113.5,16133.0,2.0,15.384615384615385,0.8,537,pullback,pullback,corrective,,,MARUTI
2025-10-07 14:00:00+05:30,SELL,16133.0,16143.5,16112.0,2.0,9.523809523809524,0.8,538,pullback,pullback,corrective,,,MARUTI
2025-10-07 15:15:00+05:30,SELL,16092.0,16143.5,16112.0,,,0.95,538,breakout,breakout,corrective,,,MARUTI
2025-10-07 14:15:00+05:30,BUY,16112.0,16107.0,16122.0,2.0,20.0,0.8,539,pullback,pullback,corrective,,,MARUTI
2025-10-08 09:15:00+05:30,BUY,16192.0,16107.0,16122.0,,,0.95,539,breakout,breakout,corrective,,,MARUTI
2025-10-07 14:45:00+05:30,SELL,16122.0,16137.0,16092.0,2.0,6.666666666666667,0.8,540,pullback,pullback,corrective,,,MARUTI
2025-10-07 15:15:00+05:30,BUY,16092.0,16042.0,16192.0,2.0,2.0,0.8,541,pullback,pullback,corrective,,,MARUTI
2025-10-08 09:15:00+05:30,SELL,16192.0,16205.0,16166.0,2.0,7.6923076923076925,0.8,542,pullback,pullback,corrective,,,MARUTI
2025-10-08 10:30:00+05:30,SELL,16157.0,16205.0,16166.0,,,0.95,542,breakout,breakout,corrective,,,MARUTI
2025-10-08 09:45:00+05:30,BUY,16166.0,16155.0,16188.0,2.0,9.090909090909092,0.8,543,pullback,pullback,corrective,,,MARUTI
2025-10-08 10:00:00+05:30,SELL,16188.0,16213.0,16138.0,2.0,4.0,0.8,544,pullback,pullback,corrective,,,MARUTI
2025-10-08 10:45:00+05:30,BUY,16138.0,16114.5,16185.0,2.0,4.25531914893617,0.8,545,pullback,pullback,corrective,,,MARUTI
2025-10-08 11:30:00+05:30,SELL,16185.0,16210.5,16134.0,2.0,3.9215686274509802,0.8,546,pullback,pullback,corrective,,,MARUTI
2025-10-08 12:30:00+05:30,BUY,16134.0,16126.0,16150.0,2.0,12.5,0.8,547,pullback,pullback,corrective,,,MARUTI
2025-10-08 12:45:00+05:30,SELL,16150.0,16161.5,16127.0,2.0,8.695652173913043,0.8,548,pullback,pullback,corrective,,,MARUTI
2025-10-08 14:00:00+05:30,SELL,16079.0,16161.5,16127.0,,,0.95,548,breakout,breakout,corrective,,,MARUTI
2025-10-08 13:30:00+05:30,BUY,16127.0,16125.5,16130.0,2.0,66.66666666666667,0.8,549,pullback,pullback,corrective,,,MARUTI
2025-10-08 13:45:00+05:30,SELL,16130.0,16192.5,16005.0,2.0,1.6,0.8,550,pullback,pullback,corrective,,,MARUTI
2025-10-08 15:00:00+05:30,BUY,16005.0,16000.5,16014.0,2.0,22.22222222222222,0.8,551,pullback,pullback,corrective,,,MARUTI
2025-10-08 15:15:00+05:30,SELL,16014.0,16051.0,15940.0,2.0,2.7027027027027026,0.8,552,pullback,pullback,corrective,,,MARUTI
2025-10-09 10:00:00+05:30,SELL,15906.0,16051.0,15940.0,,,0.95,552,breakout,breakout,corrective,,,MARUTI
2025-10-09 09:30:00+05:30,BUY,15940.0,15935.5,15949.0,2.0,22.22222222222222,0.8,553,pullback,pullback,corrective,,,MARUTI
2025-10-09 09:45:00+05:30,SELL,15949.0,15988.5,15870.0,2.0,2.5316455696202533,0.8,554,pullback,pullback,corrective,,,MARUTI
2025-10-09 10:30:00+05:30,BUY,15870.0,15816.0,15978.0,2.0,1.8518518518518519,0.8,555,pullback,pullback,corrective,,,MARUTI
2025-10-09 11:00:00+05:30,SELL,15978.0,16022.0,15890.0,2.0,2.272727272727273,0.8,556,pullback,pullback,corrective,,,MARUTI
2025-10-09 12:00:00+05:30,BUY,15890.0,15883.5,15903.0,2.0,15.384615384615385,0.8,557,pullback,pullback,corrective,,,MARUTI
2025-10-09 12:15:00+05:30,SELL,15903.0,15910.5,15888.0,2.0,13.333333333333334,0.8,558,pullback,pullback,corrective,,,MARUTI
2025-10-09 13:00:00+05:30,SELL,15886.0,15910.5,15888.0,,,0.95,558,breakout,breakout,corrective,,,MARUTI
2025-10-09 12:30:00+05:30,BUY,15888.0,15887.5,15889.0,2.0,200.0,0.8,559,pullback,pullback,corrective,,,MARUTI
2025-10-09 13:15:00+05:30,BUY,15892.0,15887.5,15889.0,,,0.95,559,breakout,breakout,corrective,,,MARUTI
2025-10-09 12:45:00+05:30,SELL,15889.0,15890.5,15886.0,2.0,66.66666666666667,0.8,560,pullback,pullback,corrective,,,MARUTI
2025-10-09 14:00:00+05:30,SELL,15881.0,15890.5,15886.0,,,0.95,560,breakout,breakout,corrective,,,MARUTI
2025-10-09 13:00:00+05:30,BUY,15886.0,15883.0,15892.0,2.0,33.333333333333336,0.8,561,pullback,pullback,corrective,,,MARUTI
2025-10-09 14:15:00+05:30,BUY,15895.0,15883.0,15892.0,,,0.95,561,breakout,breakout,corrective,,,MARUTI
2025-10-09 13:15:00+05:30,SELL,15892.0,15895.0,15886.0,2.0,33.333333333333336,0.8,562,pullback,pullback,corrective,,,MARUTI
2025-10-09 13:30:00+05:30,BUY,15886.0,15885.5,15887.0,2.0,200.0,0.8,563,pullback,pullback,corrective,,,MARUTI
2025-10-09 13:45:00+05:30,SELL,15887.0,15890.0,15881.0,2.0,33.333333333333336,0.8,564,pullback,pullback,corrective,,,MARUTI
2025-10-09 14:00:00+05:30,BUY,15881.0,15834.5,15974.0,2.0,2.150537634408602,0.8,565,pullback,pullback,corrective,,,MARUTI
2025-10-09 15:00:00+05:30,SELL,15974.0,15987.0,15948.0,2.0,7.6923076923076925,0.8,566,pullback,pullback,corrective,,,MARUTI
2025-10-09 15:15:00+05:30,BUY,15948.0,15898.0,16048.0,2.0,2.0,0.8,567,pullback,pullback,corrective,,,MARUTI
2025-10-10 10:15:00+05:30,BUY,16065.0,15898.0,16048.0,,,0.95,567,breakout,breakout,corrective,,,MARUTI
2025-10-10 09:30:00+05:30,SELL,16048.0,16060.0,16024.0,2.0,8.333333333333334,0.8,568,pullback,pullback,corrective,,,MARUTI
2025-10-10 10:00:00+05:30,BUY,16024.0,16003.5,16065.0,2.0,4.878048780487805,0.8,569,pullback,pullback,corrective,,,MARUTI
2025-10-10 10:45:00+05:30,BUY,16099.0,16003.5,16065.0,,,0.95,569,breakout,breakout,corrective,,,MARUTI
2025-10-10 10:15:00+05:30,SELL,16065.0,16074.0,16047.0,2.0,11.11111111111111,0.8,570,pullback,pullback,corrective,,,MARUTI
2025-10-10 10:30:00+05:30,BUY,16047.0,16012.5,16116.0,2.0,2.898550724637681,0.8,571,pullback,pullback,corrective,,,MARUTI
2025-10-10 11:30:00+05:30,BUY,16125.0,16012.5,16116.0,,,0.95,571,breakout,breakout,corrective,,,MARUTI
2025-10-10 11:00:00+05:30,SELL,16116.0,16117.0,16114.0,2.0,100.0,0.8,572,pullback,pullback,corrective,,,MARUTI
2025-10-10 11:15:00+05:30,BUY,16114.0,16032.0,16278.0,2.0,1.2195121951219512,0.8,573,pullback,pullback,corrective,,,MARUTI
2025-10-10 12:15:00+05:30,SELL,16278.0,16302.0,16230.0,2.0,4.166666666666667,0.8,574,pullback,pullback,corrective,,,MARUTI
2025-10-10 12:30:00+05:30,BUY,16230.0,16212.5,16265.0,2.0,5.714285714285714,0.8,575,pullback,pullback,corrective,,,MARUTI
2025-10-10 14:00:00+05:30,SELL,16265.0,16266.0,16263.0,2.0,100.0,0.8,576,pullback,pullback,corrective,,,MARUTI
2025-10-10 14:15:00+05:30,BUY,16263.0,16242.5,16304.0,2.0,4.878048780487805,0.8,577,pullback,pullback,corrective,,,MARUTI
2025-10-13 09:15:00+05:30,BUY,16336.0,16242.5,16304.0,,,0.95,577,breakout,breakout,corrective,,,MARUTI
2025-10-10 14:45:00+05:30,SELL,16304.0,16318.5,16275.0,2.0,6.896551724137931,0.8,578,pullback,pullback,corrective,,,MARUTI
2025-10-10 15:00:00+05:30,BUY,16275.0,16217.5,16390.0,2.0,1.7391304347826086,0.8,579,pullback,pullback,corrective,,,MARUTI
2025-10-13 10:00:00+05:30,BUY,16399.0,16217.5,16390.0,,,0.95,579,breakout,breakout,corrective,,,MARUTI
2025-10-13 09:30:00+05:30,SELL,16390.0,16394.5,16381.0,2.0,22.22222222222222,0.8,580,pullback,pullback,corrective,,,MARUTI
2025-10-13 10:30:00+05:30,SELL,16370.0,16394.5,16381.0,,,0.95,580,breakout,breakout,corrective,,,MARUTI
2025-10-13 09:45:00+05:30,BUY,16381.0,16364.0,16415.0,2.0,5.882352941176471,0.8,581,pullback,pullback,corrective,,,MARUTI
2025-10-13 10:15:00+05:30,SELL,16415.0,16464.0,16317.0,2.0,2.0408163265306123,0.8,582,pullback,pullback,corrective,,,MARUTI
2025-10-13 11:30:00+05:30,SELL,16300.0,16464.0,16317.0,,,0.95,582,breakout,breakout,corrective,,,MARUTI
2025-10-13 11:00:00+05:30,BUY,16317.0,16311.5,16328.0,2.0,18.181818181818183,0.8,583,pullback,pullback,corrective,,,MARUTI
2025-10-13 12:15:00+05:30,BUY,16332.0,16311.5,16328.0,,,0.95,583,breakout,breakout,corrective,,,MARUTI
2025-10-13 11:15:00+05:30,SELL,16328.0,16342.0,16300.0,2.0,7.142857142857143,0.8,584,pullback,pullback,corrective,,,MARUTI
2025-10-13 11:30:00+05:30,BUY,16300.0,16297.5,16305.0,2.0,40.0,0.8,585,pullback,pullback,corrective,,,MARUTI
2025-10-13 11:45:00+05:30,SELL,16305.0,16307.5,16300.0,2.0,40.0,0.8,586,pullback,pullback,corrective,,,MARUTI
2025-10-13 13:00:00+05:30,SELL,16280.0,16307.5,16300.0,,,0.95,586,breakout,breakout,corrective,,,MARUTI
2025-10-13 12:00:00+05:30,BUY,16300.0,16284.0,16332.0,2.0,6.25,0.8,587,pullback,pullback,corrective,,,MARUTI
2025-10-13 12:15:00+05:30,SELL,16332.0,16358.0,16280.0,2.0,3.8461538461538463,0.8,588,pullback,pullback,corrective,,,MARUTI
2025-10-13 13:00:00+05:30,BUY,16280.0,16270.0,16300.0,2.0,10.0,0.8,589,pullback,pullback,corrective,,,MARUTI
2025-10-13 14:00:00+05:30,BUY,16305.0,16270.0,16300.0,,,0.95,589,breakout,breakout,corrective,,,MARUTI
2025-10-13 13:15:00+05:30,SELL,16300.0,16308.5,16283.0,2.0,11.764705882352942,0.8,590,pullback,pullback,corrective,,,MARUTI
2025-10-13 13:45:00+05:30,BUY,16283.0,16264.5,16320.0,2.0,5.405405405405405,0.8,591,pullback,pullback,corrective,,,MARUTI
2025-10-13 14:15:00+05:30,BUY,16330.0,16264.5,16320.0,,,0.95,591,breakout,breakout,corrective,,,MARUTI
2025-10-13 15:00:00+05:30,BUY,16318.0,16317.0,16320.0,2.0,100.0,0.8,592,pullback,pullback,corrective,,,MARUTI
2025-10-13 15:15:00+05:30,SELL,16320.0,16385.0,16190.0,2.0,1.5384615384615385,0.8,593,pullback,pullback,corrective,,,MARUTI
2025-10-14 10:00:00+05:30,SELL,16170.0,16385.0,16190.0,,,0.95,593,breakout,breakout,corrective,,,MARUTI
2025-10-14 09:30:00+05:30,BUY,16190.0,16173.5,16223.0,2.0,6.0606060606060606,0.8,594,pullback,pullback,corrective,,,MARUTI
2025-10-14 09:45:00+05:30,SELL,16223.0,16249.5,16170.0,2.0,3.7735849056603774,0.8,595,pullback,pullback,corrective,,,MARUTI
2025-10-14 11:00:00+05:30,SELL,16163.0,16249.5,16170.0,,,0.95,595,breakout,breakout,corrective,,,MARUTI
2025-10-14 10:00:00+05:30,BUY,16170.0,16155.5,16199.0,2.0,6.896551724137931,0.8,596,pullback,pullback,corrective,,,MARUTI
2025-10-14 10:30:00+05:30,SELL,16199.0,16233.5,16130.0,2.0,2.898550724637681,0.8,597,pullback,pullback,corrective,,,MARUTI
2025-10-14 11:30:00+05:30,BUY,16130.0,16119.0,16152.0,2.0,9.090909090909092,0.8,598,pullback,pullback,corrective,,,MARUTI
2025-10-14 12:30:00+05:30,BUY,16155.0,16119.0,16152.0,,,0.95,598,breakout,breakout,corrective,,,MARUTI
2025-10-14 11:45:00+05:30,SELL,16152.0,16154.0,16148.0,2.0,50.0,0.8,599,pullback,pullback,corrective,,,MARUTI
2025-10-14 12:00:00+05:30,BUY,16148.0,16082.5,16279.0,2.0,1.5267175572519085,0.8,600,pullback,pullback,corrective,,,MARUTI
2025-10-14 14:45:00+05:30,SELL,16279.0,16289.5,16258.0,2.0,9.523809523809524,0.8,601,pullback,pullback,corrective,,,MARUTI
2025-10-14 15:00:00+05:30,BUY,16258.0,16216.5,16341.0,2.0,2.4096385542168677,0.8,602,pullback,pullback,corrective,,,MARUTI
2025-10-15 09:30:00+05:30,SELL,16341.0,16361.5,16300.0,2.0,4.878048780487805,0.8,603,pullback,pullback,corrective,,,MARUTI
2025-10-15 09:45:00+05:30,BUY,16300.0,16274.0,16352.0,2.0,3.8461538461538463,0.8,604,pullback,pullback,corrective,,,MARUTI
2025-10-15 10:30:00+05:30,SELL,16352.0,16422.5,16211.0,2.0,1.4184397163120568,0.8,605,pullback,pullback,corrective,,,MARUTI
2025-10-15 12:30:00+05:30,SELL,16304.0,16350.5,16211.0,2.0,2.150537634408602,0.8,606,pullback,pullback,corrective,,,MARUTI
2025-10-15 15:00:00+05:30,BUY,16211.0,16155.5,16322.0,2.0,1.8018018018018018,0.8,607,pullback,pullback,corrective,,,MARUTI
2025-10-16 09:15:00+05:30,SELL,16322.0,16353.0,16260.0,2.0,3.225806451612903,0.8,608,pullback,pullback,corrective,,,MARUTI
2025-10-16 09:30:00+05:30,BUY,16260.0,16241.0,16298.0,2.0,5.2631578947368425,0.8,609,pullback,pullback,corrective,,,MARUTI
2025-10-16 10:00:00+05:30,SELL,16298.0,16326.0,16242.0,2.0,3.5714285714285716,0.8,610,pullback,pullback,corrective,,,MARUTI
2025-10-16 11:00:00+05:30,BUY,16242.0,16226.0,16274.0,2.0,6.25,0.8,611,pullback,pullback,corrective,,,MARUTI
2025-10-16 12:15:00+05:30,BUY,16292.0,16226.0,16274.0,,,0.95,611,breakout,breakout,corrective,,,MARUTI
2025-10-16 11:30:00+05:30,SELL,16274.0,16275.5,16271.0,2.0,66.66666666666667,0.8,612,pullback,pullback,corrective,,,MARUTI
2025-10-16 12:45:00+05:30,SELL,16270.0,16275.5,16271.0,,,0.95,612,breakout,breakout,corrective,,,MARUTI
2025-10-16 11:45:00+05:30,BUY,16271.0,16260.5,16292.0,2.0,9.523809523809524,0.8,613,pullback,pullback,corrective,,,MARUTI
2025-10-16 12:15:00+05:30,SELL,16292.0,16303.0,16270.0,2.0,9.090909090909092,0.8,614,pullback,pullback,corrective,,,MARUTI
2025-10-16 12:45:00+05:30,BUY,16270.0,16267.5,16275.0,2.0,40.0,0.8,615,pullback,pullback,corrective,,,MARUTI
2025-10-16 13:30:00+05:30,BUY,16285.0,16267.5,16275.0,,,0.95,615,breakout,breakout,corrective,,,MARUTI
2025-10-16 13:00:00+05:30,SELL,16275.0,16276.5,16272.0,2.0,66.66666666666667,0.8,616,pullback,pullback,corrective,,,MARUTI
2025-10-16 13:45:00+05:30,SELL,16269.0,16276.5,16272.0,,,0.95,616,breakout,breakout,corrective,,,MARUTI
2025-10-16 13:15:00+05:30,BUY,16272.0,16265.5,16285.0,2.0,15.384615384615385,0.8,617,pullback,pullback,corrective,,,MARUTI
2025-10-16 14:00:00+05:30,BUY,16287.0,16265.5,16285.0,,,0.95,617,breakout,breakout,corrective,,,MARUTI
2025-10-16 13:30:00+05:30,SELL,16285.0,16293.0,16269.0,2.0,12.5,0.8,618,pullback,pullback,corrective,,,MARUTI
2025-10-16 13:45:00+05:30,BUY,16269.0,16247.5,16312.0,2.0,4.651162790697675,0.8,619,pullback,pullback,corrective,,,MARUTI
2025-10-16 14:30:00+05:30,SELL,16312.0,16322.5,16291.0,2.0,9.523809523809524,0.8,620,pullback,pullback,corrective,,,MARUTI
2025-10-16 15:00:00+05:30,BUY,16291.0,16236.0,16401.0,2.0,1.8181818181818181,0.8,621,pullback,pullback,corrective,,,MARUTI
2025-10-17 10:00:00+05:30,BUY,16500.0,16236.0,16401.0,,,0.95,621,breakout,breakout,corrective,,,MARUTI
2025-10-17 09:30:00+05:30,SELL,16401.0,16404.0,16395.0,2.0,33.333333333333336,0.8,622,pullback,pullback,corrective,,,MARUTI
2025-10-17 09:45:00+05:30,BUY,16395.0,16342.5,16500.0,2.0,1.9047619047619047,0.8,623,pullback,pullback,corrective,,,MARUTI
2025-10-17 10:00:00+05:30,SELL,16500.0,16534.5,16431.0,2.0,2.898550724637681,0.8,624,pullback,pullback,corrective,,,MARUTI
2025-10-17 10:45:00+05:30,SELL,16488.0,16516.5,16431.0,2.0,3.508771929824561,0.8,625,pullback,pullback,corrective,,,MARUTI
2025-10-17 11:30:00+05:30,BUY,16431.0,16413.5,16466.0,2.0,5.714285714285714,0.8,626,pullback,pullback,corrective,,,MARUTI
2025-10-17 11:45:00+05:30,SELL,16466.0,16476.0,16446.0,2.0,10.0,0.8,627,pullback,pullback,corrective,,,MARUTI
2025-10-17 12:30:00+05:30,SELL,16432.0,16476.0,16446.0,,,0.95,627,breakout,breakout,corrective,,,MARUTI
2025-10-17 12:00:00+05:30,BUY,16446.0,16442.5,16453.0,2.0,28.571428571428573,0.8,628,pullback,pullback,corrective,,,MARUTI
2025-10-17 12:15:00+05:30,SELL,16453.0,16496.5,16366.0,2.0,2.2988505747126435,0.8,629,pullback,pullback,corrective,,,MARUTI
2025-10-17 13:15:00+05:30,BUY,16366.0,16354.5,16389.0,2.0,8.695652173913043,0.8,630,pullback,pullback,corrective,,,MARUTI
2025-10-17 14:30:00+05:30,BUY,16412.0,16354.5,16389.0,,,0.95,630,breakout,breakout,corrective,,,MARUTI
2025-10-17 13:30:00+05:30,SELL,16389.0,16393.5,16380.0,2.0,22.22222222222222,0.8,631,pullback,pullback,corrective,,,MARUTI
2025-10-17 13:45:00+05:30,SELL,16374.0,16393.5,16380.0,,,0.95,631,breakout,breakout,corrective,,,MARUTI
2025-10-17 14:30:00+05:30,SELL,16412.0,16428.0,16380.0,2.0,6.25,0.8,632,pullback,pullback,corrective,,,MARUTI
2025-10-17 15:15:00+05:30,BUY,16380.0,16333.0,16474.0,2.0,2.127659574468085,0.8,633,pullback,pullback,corrective,,,MARUTI
2025-10-20 09:15:00+05:30,SELL,16474.0,16505.5,16411.0,2.0,3.1746031746031744,0.8,634,pullback,pullback,corrective,,,MARUTI
2025-10-20 10:15:00+05:30,SELL,16390.0,16505.5,16411.0,,,0.95,634,breakout,breakout,corrective,,,MARUTI
2025-10-20 09:45:00+05:30,BUY,16411.0,16407.5,16418.0,2.0,28.571428571428573,0.8,635,pullback,pullback,corrective,,,MARUTI
2025-10-20 10:30:00+05:30,BUY,16420.0,16407.5,16418.0,,,0.95,635,breakout,breakout,corrective,,,MARUTI
2025-10-20 10:00:00+05:30,SELL,16418.0,16432.0,16390.0,2.0,7.142857142857143,0.8,636,pullback,pullback,corrective,,,MARUTI
2025-10-20 10:15:00+05:30,BUY,16390.0,16372.5,16425.0,2.0,5.714285714285714,0.8,637,pullback,pullback,corrective,,,MARUTI
2025-10-20 10:45:00+05:30,SELL,16425.0,16507.125,16159.2435,3.235999999999994,1.21765601217656,0.8,638,pullback,pullback,corrective,,,MARUTI
