actionable_index,skip_reason
330,insufficient_cash
331,insufficient_cash
332,insufficient_cash
333,insufficient_cash
334,insufficient_cash
335,insufficient_cash
336,insufficient_cash
337,insufficient_cash
338,insufficient_cash
339,insufficient_cash
340,insufficient_cash
341,insufficient_cash
342,insufficient_cash
343,insufficient_cash
344,insufficient_cash
345,insufficient_cash
346,insufficient_cash
347,insufficient_cash
348,insufficient_cash
349,insufficient_cash
350,insufficient_cash
351,insufficient_cash
352,insufficient_cash
353,insufficient_cash
354,insufficient_cash
355,insufficient_cash
360,insufficient_cash
363,insufficient_cash
