signal_time,side,entry,stop_loss,take_profit,rr,position_size,confidence,wave_label,note,entry_type,wave_type,confirmed,confirm_reasons,trading_symbol
2025-10-15 09:45:00+05:30,BUY,1435.199951171875,1431.0999145507812,1443.4000244140625,2.0,24.390026051358394,0.8,1,pullback,pullback,corrective,,,ADANIPORTS
2025-10-15 10:45:00+05:30,SELL,1443.4000244140625,1443.8500366210938,1442.5,2.0,222.21619422216193,0.8,2,pullback,pullback,corrective,,,ADANIPORTS
2025-10-15 11:00:00+05:30,BUY,1442.5,1440.9500122070312,1445.5999755859375,2.0,64.51663713329395,0.8,3,pullback,pullback,corrective,,,ADANIPORTS
2025-10-15 12:15:00+05:30,BUY,1450.0999755859375,1440.9500122070312,1445.5999755859375,,,0.95,3,breakout,breakout,corrective,,,ADANIPORTS
2025-10-15 11:15:00+05:30,SELL,1445.5999755859375,1446.2999877929688,1444.199951171875,2.0,142.85465166971838,0.8,4,pullback,pullback,corrective,,,ADANIPORTS
2025-10-15 11:30:00+05:30,BUY,1444.199951171875,1443.5499267578125,1445.5,2.0,153.84037558685446,0.8,5,pullback,pullback,corrective,,,ADANIPORTS
2025-10-15 11:45:00+05:30,SELL,1445.5,1445.9000244140625,1444.699951171875,2.0,249.98474214220323,0.8,6,pullback,pullback,corrective,,,ADANIPORTS
2025-10-15 12:00:00+05:30,BUY,1444.699951171875,1439.39990234375,1455.300048828125,2.0,18.86775070247363,0.8,7,pullback,pullback,corrective,,,ADANIPORTS
2025-10-15 12:30:00+05:30,SELL,1455.300048828125,1458.2000732421875,1449.5,2.0,34.482468325125225,0.8,8,pullback,pullback,corrective,,,ADANIPORTS
2025-10-15 13:45:00+05:30,SELL,1447.0999755859375,1458.2000732421875,1449.5,,,0.95,8,breakout,breakout,corrective,,,ADANIPORTS
2025-10-15 13:15:00+05:30,BUY,1449.5,1449.25,1450.0,2.0,400.0,0.8,9,pullback,pullback,corrective,,,ADANIPORTS
2025-10-15 14:00:00+05:30,BUY,1452.0,1449.25,1450.0,,,0.95,9,breakout,breakout,corrective,,,ADANIPORTS
2025-10-15 13:30:00+05:30,SELL,1450.0,1451.4500122070312,1447.0999755859375,2.0,68.96493665025045,0.8,10,pullback,pullback,corrective,,,ADANIPORTS
2025-10-15 13:45:00+05:30,BUY,1447.0999755859375,1444.6499633789062,1452.0,2.0,40.81612316584041,0.8,11,pullback,pullback,corrective,,,ADANIPORTS
2025-10-15 14:00:00+05:30,SELL,1452.0,1453.2000122070312,1449.5999755859375,2.0,83.33248563145312,0.8,12,pullback,pullback,corrective,,,ADANIPORTS
2025-10-15 14:15:00+05:30,BUY,1449.5999755859375,1442.3519757080078,1473.054503190918,3.235999999999994,13.796909724640274,0.8,13,pullback,pullback,corrective,,,ADANIPORTS
