signal_time,side,entry,stop_loss,take_profit,rr,position_size,confidence,wave_label,note,entry_type,wave_type,confirmed,confirm_reasons,trading_symbol
2025-10-15 09:45:00+05:30,BUY,2529.39990234375,2521.6998291015625,2544.800048828125,2.0,12.986889456078885,0.8,1,pullback,pullback,corrective,,,ADANIENT
2025-10-15 10:45:00+05:30,SELL,2544.800048828125,2547.60009765625,2539.199951171875,2.0,35.713662917429595,0.8,2,pullback,pullback,corrective,,,ADANIENT
2025-10-15 11:00:00+05:30,BUY,2539.199951171875,2536.2999267578125,2545.0,2.0,34.482468325125225,0.8,3,pullback,pullback,corrective,,,ADANIENT
2025-10-15 11:45:00+05:30,BUY,2546.60009765625,2536.2999267578125,2545.0,,,0.95,3,breakout,breakout,corrective,,,ADANIENT
2025-10-15 11:15:00+05:30,SELL,2545.0,2547.5,2540.0,2.0,40.0,0.8,4,pullback,pullback,corrective,,,ADANIENT
2025-10-15 11:30:00+05:30,BUY,2540.0,2536.699951171875,2546.60009765625,2.0,30.302581933861063,0.8,5,pullback,pullback,corrective,,,ADANIENT
2025-10-15 12:15:00+05:30,BUY,2555.0,2536.699951171875,2546.60009765625,,,0.95,5,breakout,breakout,corrective,,,ADANIENT
2025-10-15 11:45:00+05:30,SELL,2546.60009765625,2546.9501953125,2545.89990234375,2.0,285.63458856345886,0.8,6,pullback,pullback,corrective,,,ADANIENT
2025-10-15 12:45:00+05:30,SELL,2544.89990234375,2546.9501953125,2545.89990234375,,,0.95,6,breakout,breakout,corrective,,,ADANIENT
2025-10-15 12:00:00+05:30,BUY,2545.89990234375,2540.599853515625,2556.5,2.0,18.86775070247363,0.8,7,pullback,pullback,corrective,,,ADANIENT
2025-10-15 12:30:00+05:30,SELL,2556.5,2562.300048828125,2544.89990234375,2.0,17.241234162562613,0.8,8,pullback,pullback,corrective,,,ADANIENT
2025-10-15 12:45:00+05:30,BUY,2544.89990234375,2542.89990234375,2548.89990234375,2.0,50.0,0.8,9,pullback,pullback,corrective,,,ADANIENT
2025-10-15 13:30:00+05:30,BUY,2551.800048828125,2542.89990234375,2548.89990234375,,,0.95,9,breakout,breakout,corrective,,,ADANIENT
2025-10-15 13:00:00+05:30,SELL,2548.89990234375,2549.599853515625,2547.5,2.0,142.86710847575864,0.8,10,pullback,pullback,corrective,,,ADANIENT
2025-10-15 13:45:00+05:30,SELL,2545.800048828125,2549.599853515625,2547.5,,,0.95,10,breakout,breakout,corrective,,,ADANIENT
2025-10-15 13:15:00+05:30,BUY,2547.5,2545.3499755859375,2551.800048828125,2.0,46.51109975586215,0.8,11,pullback,pullback,corrective,,,ADANIENT
2025-10-15 13:30:00+05:30,SELL,2551.800048828125,2564.5590490722657,2510.511924038086,3.2359999999999887,7.83760467799372,0.8,12,pullback,pullback,corrective,,,ADANIENT
