signal_time,side,entry,stop_loss,take_profit,rr,position_size,confidence,wave_label,note,entry_type,wave_type,confirmed,confirm_reasons,trading_symbol
2025-10-15 10:45:00+05:30,SELL,7832.5,7838.25,7821.0,2.0,17.391304347826086,0.8,1,pullback,pullback,corrective,,,APOLLOHOSP
2025-10-15 12:00:00+05:30,SELL,7820.5,7838.25,7821.0,,,0.95,1,breakout,breakout,corrective,,,APOLLOHOSP
2025-10-15 11:00:00+05:30,BUY,7821.0,7816.25,7830.5,2.0,21.05263157894737,0.8,2,pullback,pullback,corrective,,,APOLLOHOSP
2025-10-15 11:45:00+05:30,BUY,7833.0,7816.25,7830.5,,,0.95,2,breakout,breakout,corrective,,,APOLLOHOSP
2025-10-15 11:15:00+05:30,SELL,7830.5,7834.5,7822.5,2.0,25.0,0.8,3,pullback,pullback,corrective,,,APOLLOHOSP
2025-10-15 11:30:00+05:30,BUY,7822.5,7817.25,7833.0,2.0,19.047619047619047,0.8,4,pullback,pullback,corrective,,,APOLLOHOSP
2025-10-15 11:45:00+05:30,SELL,7833.0,7839.25,7820.5,2.0,16.0,0.8,5,pullback,pullback,corrective,,,APOLLOHOSP
2025-10-15 12:00:00+05:30,BUY,7820.5,7818.25,7825.0,2.0,44.44444444444444,0.8,6,pullback,pullback,corrective,,,APOLLOHOSP
2025-10-15 13:15:00+05:30,BUY,7833.0,7818.25,7825.0,,,0.95,6,breakout,breakout,corrective,,,APOLLOHOSP
2025-10-15 12:30:00+05:30,SELL,7825.0,7827.25,7820.5,2.0,44.44444444444444,0.8,7,pullback,pullback,corrective,,,APOLLOHOSP
2025-10-15 12:45:00+05:30,BUY,7820.5,7806.25,7849.0,2.0,7.017543859649122,0.8,8,pullback,pullback,corrective,,,APOLLOHOSP
2025-10-15 13:30:00+05:30,SELL,7849.0,7888.245,7722.00318,3.2360000000000166,2.548095298764181,0.8,9,pullback,pullback,corrective,,,APOLLOHOSP
