signal_time,side,entry,stop_loss,take_profit,rr,position_size,confidence,wave_label,note,entry_type,wave_type,confirmed,confirm_reasons,trading_symbol
2025-10-15 09:45:00+05:30,BUY,9151.5,9142.0,9170.5,2.0,10.526315789473685,0.8,1,pullback,pullback,corrective,,,BAJAJ-AUTO
2025-10-15 10:15:00+05:30,SELL,9170.5,9177.25,9157.0,2.0,14.814814814814815,0.8,2,pullback,pullback,corrective,,,BAJAJ-AUTO
2025-10-15 11:00:00+05:30,SELL,9136.0,9177.25,9157.0,,,0.95,2,breakout,breakout,corrective,,,BAJAJ-AUTO
2025-10-15 10:30:00+05:30,BUY,9157.0,9155.75,9159.5,2.0,80.0,0.8,3,pullback,pullback,corrective,,,BAJAJ-AUTO
2025-10-15 10:45:00+05:30,SELL,9159.5,9171.25,9136.0,2.0,8.51063829787234,0.8,4,pullback,pullback,corrective,,,BAJAJ-AUTO
2025-10-15 11:30:00+05:30,SELL,9120.0,9171.25,9136.0,,,0.95,4,breakout,breakout,corrective,,,BAJAJ-AUTO
2025-10-15 11:00:00+05:30,BUY,9136.0,9134.5,9139.0,2.0,66.66666666666667,0.8,5,pullback,pullback,corrective,,,BAJAJ-AUTO
2025-10-15 11:15:00+05:30,SELL,9139.0,9173.25,9070.5,2.0,2.9197080291970803,0.8,6,pullback,pullback,corrective,,,BAJAJ-AUTO
2025-10-15 12:00:00+05:30,BUY,9070.5,9037.0,9137.5,2.0,2.985074626865672,0.8,7,pullback,pullback,corrective,,,BAJAJ-AUTO
2025-10-15 12:45:00+05:30,SELL,9137.5,9224.25,8964.0,2.0,1.1527377521613833,0.8,8,pullback,pullback,corrective,,,BAJAJ-AUTO
2025-10-15 14:00:00+05:30,BUY,8964.0,8942.5,9007.0,2.0,4.651162790697675,0.8,9,pullback,pullback,corrective,,,BAJAJ-AUTO
2025-10-15 14:30:00+05:30,SELL,9007.0,9052.035,8861.26674,3.23600000000003,2.2204951704230114,0.8,10,pullback,pullback,corrective,,,BAJAJ-AUTO
