signal_time,side,entry,stop_loss,take_profit,rr,position_size,confidence,wave_label,note,entry_type,wave_type,confirmed,confirm_reasons,trading_symbol
2025-10-15 10:00:00+05:30,SELL,2053.800048828125,2054.5001220703125,2052.39990234375,2.0,142.84219703574541,0.8,1,pullback,pullback,corrective,,,BAJAJFINSV
2025-10-15 10:15:00+05:30,BUY,2052.39990234375,2042.6998291015625,2071.800048828125,2.0,10.30920050841272,0.8,2,pullback,pullback,corrective,,,BAJAJFINSV
2025-10-15 11:15:00+05:30,SELL,2071.800048828125,2072.550048828125,2070.300048828125,2.0,133.33333333333334,0.8,3,pullback,pullback,corrective,,,BAJAJFINSV
2025-10-15 12:15:00+05:30,SELL,2066.39990234375,2072.550048828125,2070.300048828125,,,0.95,3,breakout,breakout,corrective,,,BAJAJFINSV
2025-10-15 11:30:00+05:30,BUY,2070.300048828125,2069.0001220703125,2072.89990234375,2.0,76.92741102450934,0.8,4,pullback,pullback,corrective,,,BAJAJFINSV
2025-10-15 11:45:00+05:30,SELL,2072.89990234375,2076.14990234375,2066.39990234375,2.0,30.76923076923077,0.8,5,pullback,pullback,corrective,,,BAJAJFINSV
2025-10-15 12:15:00+05:30,BUY,2066.39990234375,2059.64990234375,2079.89990234375,2.0,14.814814814814815,0.8,6,pullback,pullback,corrective,,,BAJAJFINSV
2025-10-15 13:30:00+05:30,SELL,2079.89990234375,2080.849853515625,2078.0,2.0,105.26856849139038,0.8,7,pullback,pullback,corrective,,,BAJAJFINSV
2025-10-15 14:00:00+05:30,BUY,2078.0,2074.5,2085.0,2.0,28.571428571428573,0.8,8,pullback,pullback,corrective,,,BAJAJFINSV
2025-10-15 14:30:00+05:30,SELL,2085.0,2095.425,2051.2647,3.235999999999927,9.592326139088561,0.8,9,pullback,pullback,corrective,,,BAJAJFINSV
