signal_time,side,entry,stop_loss,take_profit,rr,position_size,confidence,wave_label,note,entry_type,wave_type,confirmed,confirm_reasons,trading_symbol
2025-10-15 09:45:00+05:30,SELL,5802.5,5804.75,5798.0,2.0,44.44444444444444,0.8,1,pullback,pullback,corrective,,,BRITANNIA
2025-10-15 10:00:00+05:30,BUY,5798.0,5775.25,5843.5,2.0,4.395604395604396,0.8,2,pullback,pullback,corrective,,,BRITANNIA
2025-10-15 10:45:00+05:30,SELL,5843.5,5850.0,5830.5,2.0,15.384615384615385,0.8,3,pullback,pullback,corrective,,,BRITANNIA
2025-10-15 11:30:00+05:30,SELL,5822.0,5850.0,5830.5,,,0.95,3,breakout,breakout,corrective,,,BRITANNIA
2025-10-15 11:00:00+05:30,BUY,5830.5,5829.0,5833.5,2.0,66.66666666666667,0.8,4,pullback,pullback,corrective,,,BRITANNIA
2025-10-15 11:45:00+05:30,BUY,5842.5,5829.0,5833.5,,,0.95,4,breakout,breakout,corrective,,,BRITANNIA
2025-10-15 11:15:00+05:30,SELL,5833.5,5839.25,5822.0,2.0,17.391304347826086,0.8,5,pullback,pullback,corrective,,,BRITANNIA
2025-10-15 11:30:00+05:30,BUY,5822.0,5811.75,5842.5,2.0,9.75609756097561,0.8,6,pullback,pullback,corrective,,,BRITANNIA
2025-10-15 12:15:00+05:30,BUY,5844.0,5811.75,5842.5,,,0.95,6,breakout,breakout,corrective,,,BRITANNIA
2025-10-15 11:45:00+05:30,SELL,5842.5,5848.5,5830.5,2.0,16.666666666666668,0.8,7,pullback,pullback,corrective,,,BRITANNIA
2025-10-15 13:00:00+05:30,SELL,5810.5,5848.5,5830.5,,,0.95,7,breakout,breakout,corrective,,,BRITANNIA
2025-10-15 12:00:00+05:30,BUY,5830.5,5823.25,5816.0,2.0,13.793103448275861,0.8,8,pullback,pullback,corrective,,,BRITANNIA
2025-10-15 13:00:00+05:30,BUY,5810.5,5807.75,5816.0,2.0,36.36363636363637,0.8,9,pullback,pullback,corrective,,,BRITANNIA
2025-10-15 14:00:00+05:30,BUY,5850.0,5807.75,5816.0,,,0.95,9,breakout,breakout,corrective,,,BRITANNIA
2025-10-15 13:15:00+05:30,SELL,5816.0,5819.0,5810.0,2.0,33.333333333333336,0.8,10,pullback,pullback,corrective,,,BRITANNIA
2025-10-15 13:45:00+05:30,BUY,5810.0,5780.95,5904.0058,3.2359999999999767,3.4423407917383604,0.8,11,pullback,pullback,corrective,,,BRITANNIA
