signal_time,side,entry,stop_loss,take_profit,rr,position_size,confidence,wave_label,note,entry_type,wave_type,confirmed,confirm_reasons,trading_symbol
2025-10-15 09:45:00+05:30,BUY,6557.0,6552.0,6567.0,2.0,20.0,0.8,1,pullback,pullback,corrective,,,DIVISLAB
2025-10-15 10:15:00+05:30,SELL,6567.0,6577.0,6547.0,2.0,10.0,0.8,2,pullback,pullback,corrective,,,DIVISLAB
2025-10-15 11:30:00+05:30,SELL,6546.0,6577.0,6547.0,,,0.95,2,breakout,breakout,corrective,,,DIVISLAB
2025-10-15 11:00:00+05:30,BUY,6547.0,6546.0,6549.0,2.0,100.0,0.8,3,pullback,pullback,corrective,,,DIVISLAB
2025-10-15 11:15:00+05:30,SELL,6549.0,6555.75,6535.5,2.0,14.814814814814815,0.8,4,pullback,pullback,corrective,,,DIVISLAB
2025-10-15 12:15:00+05:30,BUY,6535.5,6522.0,6562.5,2.0,7.407407407407407,0.8,5,pullback,pullback,corrective,,,DIVISLAB
2025-10-15 13:15:00+05:30,BUY,6573.5,6522.0,6562.5,,,0.95,5,breakout,breakout,corrective,,,DIVISLAB
2025-10-15 12:45:00+05:30,SELL,6562.5,6563.0,6561.5,2.0,200.0,0.8,6,pullback,pullback,corrective,,,DIVISLAB
2025-10-15 13:00:00+05:30,BUY,6561.5,6550.25,6584.0,2.0,8.88888888888889,0.8,7,pullback,pullback,corrective,,,DIVISLAB
2025-10-15 13:30:00+05:30,SELL,6584.0,6590.0,6572.0,2.0,16.666666666666668,0.8,8,pullback,pullback,corrective,,,DIVISLAB
2025-10-15 14:30:00+05:30,BUY,6572.0,6539.14,6678.33496,3.2360000000000366,3.0432136335971087,0.8,9,pullback,pullback,corrective,,,DIVISLAB
