signal_time,side,entry,stop_loss,take_profit,rr,position_size,confidence,wave_label,note,entry_type,wave_type,confirmed,confirm_reasons,trading_symbol
2025-10-15 09:45:00+05:30,BUY,2793.0,2788.300048828125,2802.39990234375,2.0,21.276816788738248,0.8,1,pullback,pullback,corrective,,,GRASIM
2025-10-15 10:45:00+05:30,SELL,2802.39990234375,2805.64990234375,2795.89990234375,2.0,30.76923076923077,0.8,2,pullback,pullback,corrective,,,GRASIM
2025-10-15 11:00:00+05:30,BUY,2795.89990234375,2789.9498291015625,2807.800048828125,2.0,16.806515807397986,0.8,3,pullback,pullback,corrective,,,GRASIM
2025-10-15 11:45:00+05:30,BUY,2809.0,2789.9498291015625,2807.800048828125,,,0.95,3,breakout,breakout,corrective,,,GRASIM
2025-10-15 11:15:00+05:30,SELL,2807.800048828125,2808.2000732421875,2807.0,2.0,249.98474214220323,0.8,4,pullback,pullback,corrective,,,GRASIM
2025-10-15 11:30:00+05:30,BUY,2807.0,2799.75,2821.5,2.0,13.793103448275861,0.8,5,pullback,pullback,corrective,,,GRASIM
2025-10-15 12:45:00+05:30,SELL,2821.5,2824.25,2816.0,2.0,36.36363636363637,0.8,6,pullback,pullback,corrective,,,GRASIM
2025-10-15 14:00:00+05:30,BUY,2816.0,2814.449951171875,2819.10009765625,2.0,64.51409670814301,0.8,7,pullback,pullback,corrective,,,GRASIM
2025-10-15 14:15:00+05:30,SELL,2819.10009765625,2833.1955981445312,2773.4870580761717,3.236000000000016,7.094462526047824,0.8,8,pullback,pullback,corrective,,,GRASIM
