signal_time,side,entry,stop_loss,take_profit,rr,position_size,confidence,wave_label,note,entry_type,wave_type,confirmed,confirm_reasons,trading_symbol
2025-10-15 09:45:00+05:30,SELL,758.3499755859375,758.699951171875,757.6500244140625,2.0,285.7342169515173,0.8,1,pullback,pullback,corrective,,,HDFCLIFE
2025-10-15 10:30:00+05:30,SELL,756.0,758.699951171875,757.6500244140625,,,0.95,1,breakout,breakout,corrective,,,HDFCLIFE
2025-10-15 10:00:00+05:30,BUY,757.6500244140625,757.2750244140625,758.4000244140625,2.0,266.6666666666667,0.8,2,pullback,pullback,corrective,,,HDFCLIFE
2025-10-15 11:15:00+05:30,BUY,758.5999755859375,757.2750244140625,758.4000244140625,,,0.95,2,breakout,breakout,corrective,,,HDFCLIFE
2025-10-15 10:15:00+05:30,SELL,758.4000244140625,759.6000366210938,756.0,2.0,83.33248563145312,0.8,3,pullback,pullback,corrective,,,HDFCLIFE
2025-10-15 10:30:00+05:30,BUY,756.0,754.7000122070312,758.5999755859375,2.0,76.9237992394009,0.8,4,pullback,pullback,corrective,,,HDFCLIFE
2025-10-15 11:15:00+05:30,SELL,758.5999755859375,760.2999572753906,755.2000122070312,2.0,58.824163001525896,0.8,5,pullback,pullback,corrective,,,HDFCLIFE
2025-10-15 12:00:00+05:30,BUY,755.2000122070312,752.9750061035156,759.6500244140625,2.0,44.94369693727798,0.8,6,pullback,pullback,corrective,,,HDFCLIFE
2025-10-15 14:00:00+05:30,SELL,759.6500244140625,760.175048828125,758.5999755859375,2.0,190.46733317833062,0.8,7,pullback,pullback,corrective,,,HDFCLIFE
2025-10-15 14:15:00+05:30,BUY,758.5999755859375,754.8069757080078,770.874123190918,3.2360000000000197,26.364356239996194,0.8,8,pullback,pullback,corrective,,,HDFCLIFE
