signal_time,side,entry,stop_loss,take_profit,rr,position_size,confidence,wave_label,note,entry_type,wave_type,confirmed,confirm_reasons,trading_symbol
2025-10-15 09:30:00+05:30,BUY,5587.5,5586.75,5589.0,2.0,133.33333333333334,0.8,1,pullback,pullback,corrective,,,HEROMOTOCO
2025-10-15 10:15:00+05:30,BUY,5591.0,5586.75,5589.0,,,0.95,1,breakout,breakout,corrective,,,HEROMOTOCO
2025-10-15 09:45:00+05:30,SELL,5589.0,5592.5,5582.0,2.0,28.571428571428573,0.8,2,pullback,pullback,corrective,,,HEROMOTOCO
2025-10-15 10:00:00+05:30,BUY,5582.0,5574.0,5598.0,2.0,12.5,0.8,3,pullback,pullback,corrective,,,HEROMOTOCO
2025-10-15 10:45:00+05:30,SELL,5598.0,5604.0,5586.0,2.0,16.666666666666668,0.8,4,pullback,pullback,corrective,,,HEROMOTOCO
2025-10-15 11:00:00+05:30,BUY,5586.0,5580.5,5597.0,2.0,18.181818181818183,0.8,5,pullback,pullback,corrective,,,HEROMOTOCO
2025-10-15 11:15:00+05:30,SELL,5597.0,5602.5,5586.0,2.0,18.181818181818183,0.8,6,pullback,pullback,corrective,,,HEROMOTOCO
2025-10-15 11:30:00+05:30,BUY,5586.0,5583.5,5591.0,2.0,40.0,0.8,7,pullback,pullback,corrective,,,HEROMOTOCO
2025-10-15 12:15:00+05:30,BUY,5595.0,5583.5,5591.0,,,0.95,7,breakout,breakout,corrective,,,HEROMOTOCO
2025-10-15 11:45:00+05:30,SELL,5591.0,5591.5,5590.0,2.0,200.0,0.8,8,pullback,pullback,corrective,,,HEROMOTOCO
2025-10-15 13:00:00+05:30,SELL,5582.0,5591.5,5590.0,,,0.95,8,breakout,breakout,corrective,,,HEROMOTOCO
2025-10-15 12:00:00+05:30,BUY,5590.0,5583.25,5603.5,2.0,14.814814814814815,0.8,9,pullback,pullback,corrective,,,HEROMOTOCO
2025-10-15 12:30:00+05:30,SELL,5603.5,5650.0,5510.5,2.0,2.150537634408602,0.8,10,pullback,pullback,corrective,,,HEROMOTOCO
2025-10-15 13:45:00+05:30,BUY,5510.5,5497.75,5536.0,2.0,7.8431372549019605,0.8,11,pullback,pullback,corrective,,,HEROMOTOCO
2025-10-15 14:30:00+05:30,SELL,5536.0,5563.68,5446.42752,3.2359999999999594,3.6127167630057424,0.8,12,pullback,pullback,corrective,,,HEROMOTOCO
