signal_time,side,entry,stop_loss,take_profit,rr,position_size,confidence,wave_label,note,entry_type,wave_type,confirmed,confirm_reasons,trading_symbol
2025-10-15 09:45:00+05:30,BUY,742.9500122070312,741.7750244140625,745.2999877929688,2.0,85.10726715495299,0.8,1,pullback,pullback,corrective,,,INDUSINDBK
2025-10-15 10:15:00+05:30,SELL,745.2999877929688,746.0499877929688,743.7999877929688,2.0,133.33333333333334,0.8,2,pullback,pullback,corrective,,,INDUSINDBK
2025-10-15 10:30:00+05:30,BUY,743.7999877929688,743.2999877929688,744.7999877929688,2.0,200.0,0.8,3,pullback,pullback,corrective,,,INDUSINDBK
2025-10-15 11:15:00+05:30,BUY,744.9500122070312,743.2999877929688,744.7999877929688,,,0.95,3,breakout,breakout,corrective,,,INDUSINDBK
2025-10-15 10:45:00+05:30,SELL,744.7999877929688,744.8999938964844,744.5999755859375,2.0,999.9389685688129,0.8,4,pullback,pullback,corrective,,,INDUSINDBK
2025-10-15 11:00:00+05:30,BUY,744.5999755859375,743.6499633789062,746.5,2.0,105.26180533247671,0.8,5,pullback,pullback,corrective,,,INDUSINDBK
2025-10-15 12:15:00+05:30,BUY,746.5999755859375,743.6499633789062,746.5,,,0.95,5,breakout,breakout,corrective,,,INDUSINDBK
2025-10-15 11:30:00+05:30,SELL,746.5,747.0,745.5,2.0,200.0,0.8,6,pullback,pullback,corrective,,,INDUSINDBK
2025-10-15 11:45:00+05:30,BUY,745.5,744.9500122070312,746.5999755859375,2.0,181.8222172899789,0.8,7,pullback,pullback,corrective,,,INDUSINDBK
2025-10-15 12:15:00+05:30,SELL,746.5999755859375,752.0249633789062,735.75,2.0,18.43322120090456,0.8,8,pullback,pullback,corrective,,,INDUSINDBK
2025-10-15 14:00:00+05:30,BUY,735.75,733.6499938964844,739.9500122070312,2.0,47.61890921773502,0.8,9,pullback,pullback,corrective,,,INDUSINDBK
2025-10-15 14:30:00+05:30,SELL,739.9500122070312,743.6497622680664,727.9776210095215,3.235999999999992,27.02885285500091,0.8,10,pullback,pullback,corrective,,,INDUSINDBK
