signal_time,side,entry,stop_loss,take_profit,rr,position_size,confidence,wave_label,note,entry_type,wave_type,confirmed,confirm_reasons,trading_symbol
2025-10-15 10:30:00+05:30,BUY,2150.10009765625,2149.3001708984375,2151.699951171875,2.0,125.01144513963071,0.8,1,pullback,pullback,corrective,,,KOTAKBANK
2025-10-15 10:45:00+05:30,SELL,2151.699951171875,2153.199951171875,2148.699951171875,2.0,66.66666666666667,0.8,2,pullback,pullback,corrective,,,KOTAKBANK
2025-10-15 11:00:00+05:30,BUY,2148.699951171875,2148.14990234375,2149.800048828125,2.0,181.80204172214826,0.8,3,pullback,pullback,corrective,,,KOTAKBANK
2025-10-15 12:15:00+05:30,BUY,2150.199951171875,2148.14990234375,2149.800048828125,,,0.95,3,breakout,breakout,corrective,,,KOTAKBANK
2025-10-15 11:30:00+05:30,SELL,2149.800048828125,2150.0001220703125,2149.39990234375,2.0,499.816961561928,0.8,4,pullback,pullback,corrective,,,KOTAKBANK
2025-10-15 12:00:00+05:30,BUY,2149.39990234375,2147.89990234375,2152.39990234375,2.0,66.66666666666667,0.8,5,pullback,pullback,corrective,,,KOTAKBANK
2025-10-15 12:45:00+05:30,SELL,2152.39990234375,2155.89990234375,2145.39990234375,2.0,28.571428571428573,0.8,6,pullback,pullback,corrective,,,KOTAKBANK
2025-10-15 13:30:00+05:30,SELL,2147.60009765625,2148.7001953125,2145.39990234375,2.0,90.90102086107413,0.8,7,pullback,pullback,corrective,,,KOTAKBANK
2025-10-15 14:00:00+05:30,BUY,2145.39990234375,2145.349853515625,2145.5,2.0,1998.0487804878048,0.8,8,pullback,pullback,corrective,,,KOTAKBANK
2025-10-15 14:45:00+05:30,BUY,2146.10009765625,2145.349853515625,2145.5,,,0.95,8,breakout,breakout,corrective,,,KOTAKBANK
2025-10-15 14:15:00+05:30,SELL,2145.5,2145.550048828125,2145.39990234375,2.0,1998.0487804878048,0.8,9,pullback,pullback,corrective,,,KOTAKBANK
2025-10-15 14:30:00+05:30,BUY,2145.39990234375,2134.6729028320315,2180.112472763672,3.2360000000000806,9.322271329532239,0.8,10,pullback,pullback,corrective,,,KOTAKBANK
