signal_time,side,entry,stop_loss,take_profit,rr,position_size,confidence,wave_label,note,entry_type,wave_type,confirmed,confirm_reasons,trading_symbol
2025-10-15 11:15:00+05:30,SELL,1213.0,1215.0,1209.0,2.0,50.0,0.8,1,pullback,pullback,corrective,,,NESTLEIND
2025-10-15 11:45:00+05:30,BUY,1209.0,1204.9500122070312,1217.0999755859375,2.0,24.691432446688268,0.8,2,pullback,pullback,corrective,,,NESTLEIND
2025-10-15 12:45:00+05:30,SELL,1217.0999755859375,1218.5499877929688,1214.199951171875,2.0,68.96493665025045,0.8,3,pullback,pullback,corrective,,,NESTLEIND
2025-10-15 13:00:00+05:30,BUY,1214.199951171875,1213.0499267578125,1216.5,2.0,86.9546757244454,0.8,4,pullback,pullback,corrective,,,NESTLEIND
2025-10-15 13:45:00+05:30,BUY,1217.4000244140625,1213.0499267578125,1216.5,,,0.95,4,breakout,breakout,corrective,,,NESTLEIND
2025-10-15 13:15:00+05:30,SELL,1216.5,1216.7000122070312,1216.0999755859375,2.0,499.96948428440646,0.8,5,pullback,pullback,corrective,,,NESTLEIND
2025-10-15 13:30:00+05:30,BUY,1216.0999755859375,1212.699951171875,1222.9000244140625,2.0,29.411553513086563,0.8,6,pullback,pullback,corrective,,,NESTLEIND
2025-10-15 14:00:00+05:30,SELL,1222.9000244140625,1223.550048828125,1221.5999755859375,2.0,153.84037558685446,0.8,7,pullback,pullback,corrective,,,NESTLEIND
2025-10-15 14:30:00+05:30,BUY,1221.5999755859375,1215.4919757080079,1241.365463190918,3.2360000000000495,16.37197151252994,0.8,8,pullback,pullback,corrective,,,NESTLEIND
