signal_time,side,entry,stop_loss,take_profit,rr,position_size,confidence,wave_label,note,entry_type,wave_type,confirmed,confirm_reasons,trading_symbol
2025-10-15 09:30:00+05:30,BUY,290.45001220703125,290.4000244140625,290.54998779296875,2.0,2000.4884004884004,0.8,1,pullback,pullback,corrective,,,POWERGRID
2025-10-15 10:30:00+05:30,BUY,291.0,290.4000244140625,290.54998779296875,,,0.95,1,breakout,breakout,corrective,,,POWERGRID
2025-10-15 09:45:00+05:30,SELL,290.54998779296875,290.5999755859375,290.45001220703125,2.0,2000.4884004884004,0.8,2,pullback,pullback,corrective,,,POWERGRID
2025-10-15 10:00:00+05:30,BUY,290.45001220703125,289.7750244140625,291.79998779296875,2.0,148.15082738041414,0.8,3,pullback,pullback,corrective,,,POWERGRID
2025-10-15 10:45:00+05:30,SELL,291.79998779296875,291.9499816894531,291.5,2.0,666.6937945066124,0.8,4,pullback,pullback,corrective,,,POWERGRID
2025-10-15 11:00:00+05:30,BUY,291.5,290.8000030517578,292.8999938964844,2.0,142.85776566757494,0.8,5,pullback,pullback,corrective,,,POWERGRID
2025-10-15 12:15:00+05:30,SELL,292.8999938964844,293.54998779296875,291.6000061035156,2.0,153.8475984788018,0.8,6,pullback,pullback,corrective,,,POWERGRID
2025-10-15 13:15:00+05:30,BUY,291.6000061035156,291.4750061035156,291.8500061035156,2.0,800.0,0.8,7,pullback,pullback,corrective,,,POWERGRID
2025-10-15 13:30:00+05:30,SELL,291.8500061035156,292.25001525878906,291.04998779296875,2.0,249.99427808506582,0.8,8,pullback,pullback,corrective,,,POWERGRID
2025-10-15 13:45:00+05:30,BUY,291.04998779296875,290.74998474121094,291.6499938964844,2.0,333.3299425258125,0.8,9,pullback,pullback,corrective,,,POWERGRID
2025-10-15 14:30:00+05:30,SELL,291.6499938964844,293.1082438659668,286.9310969952393,3.2359999999999545,68.57534859780728,0.8,10,pullback,pullback,corrective,,,POWERGRID
