signal_time,side,entry,stop_loss,take_profit,rr,position_size,confidence,wave_label,note,entry_type,wave_type,confirmed,confirm_reasons,trading_symbol
2025-10-15 09:30:00+05:30,BUY,1837.4000244140625,1833.800048828125,1844.5999755859375,2.0,27.777966159167203,0.8,1,pullback,pullback,corrective,,,SBILIFE
2025-10-15 10:45:00+05:30,BUY,1846.0,1833.800048828125,1844.5999755859375,,,0.95,1,breakout,breakout,corrective,,,SBILIFE
2025-10-15 10:15:00+05:30,SELL,1844.5999755859375,1845.3999633789062,1843.0,2.0,125.00190737773708,0.8,2,pullback,pullback,corrective,,,SBILIFE
2025-10-15 10:30:00+05:30,BUY,1843.0,1835.75,1857.5,2.0,13.793103448275861,0.8,3,pullback,pullback,corrective,,,SBILIFE
2025-10-15 11:30:00+05:30,SELL,1857.5,1863.5999755859375,1845.300048828125,2.0,16.39350823477617,0.8,4,pullback,pullback,corrective,,,SBILIFE
2025-10-15 13:00:00+05:30,BUY,1845.300048828125,1844.7000732421875,1846.5,2.0,166.6734486266531,0.8,5,pullback,pullback,corrective,,,SBILIFE
2025-10-15 13:30:00+05:30,SELL,1846.5,1847.6500244140625,1844.199951171875,2.0,86.9546757244454,0.8,6,pullback,pullback,corrective,,,SBILIFE
2025-10-15 14:45:00+05:30,SELL,1844.0,1847.6500244140625,1844.199951171875,,,0.95,6,breakout,breakout,corrective,,,SBILIFE
2025-10-15 14:15:00+05:30,BUY,1844.199951171875,1843.7999267578125,1845.0,2.0,249.98474214220323,0.8,7,pullback,pullback,corrective,,,SBILIFE
2025-10-15 14:30:00+05:30,SELL,1845.0,1845.5,1844.0,2.0,200.0,0.8,8,pullback,pullback,corrective,,,SBILIFE
2025-10-15 14:45:00+05:30,BUY,1844.0,1834.78,1873.83592,3.235999999999989,10.845986984815585,0.8,9,pullback,pullback,corrective,,,SBILIFE
