signal_time,side,entry,stop_loss,take_profit,rr,position_size,confidence,wave_label,note,entry_type,wave_type,confirmed,confirm_reasons,trading_symbol
2025-10-15 09:30:00+05:30,BUY,878.0499877929688,875.6999816894531,882.75,2.0,42.55308096876826,0.8,1,pullback,pullback,corrective,,,SBIN
2025-10-15 10:45:00+05:30,BUY,883.4000244140625,875.6999816894531,882.75,,,0.95,1,breakout,breakout,corrective,,,SBIN
2025-10-15 10:15:00+05:30,SELL,882.75,882.8500061035156,882.5499877929688,2.0,999.9389685688129,0.8,2,pullback,pullback,corrective,,,SBIN
2025-10-15 10:30:00+05:30,BUY,882.5499877929688,881.6749877929688,884.2999877929688,2.0,114.28571428571429,0.8,3,pullback,pullback,corrective,,,SBIN
2025-10-15 11:15:00+05:30,SELL,884.2999877929688,884.8999938964844,883.0999755859375,2.0,166.66497126290625,0.8,4,pullback,pullback,corrective,,,SBIN
2025-10-15 11:30:00+05:30,BUY,883.0999755859375,881.199951171875,886.9000244140625,2.0,52.630902666238356,0.8,5,pullback,pullback,corrective,,,SBIN
2025-10-15 12:30:00+05:30,SELL,886.9000244140625,888.6250305175781,883.4500122070312,2.0,57.970809376382135,0.8,6,pullback,pullback,corrective,,,SBIN
2025-10-15 13:45:00+05:30,BUY,883.4500122070312,879.0327621459961,897.744233404541,3.236000000000008,22.63851912802195,0.8,7,pullback,pullback,corrective,,,SBIN
