signal_time,side,entry,stop_loss,take_profit,rr,position_size,confidence,wave_label,note,entry_type,wave_type,confirmed,confirm_reasons,trading_symbol
2025-10-15 09:30:00+05:30,BUY,29640.0,29535.0,29850.0,2.0,0.9523809523809523,0.8,1,pullback,pullback,corrective,,,SHREECEM
2025-10-15 10:45:00+05:30,SELL,29850.0,29872.5,29805.0,2.0,4.444444444444445,0.8,2,pullback,pullback,corrective,,,SHREECEM
2025-10-15 11:15:00+05:30,BUY,29805.0,29742.5,29930.0,2.0,1.6,0.8,3,pullback,pullback,corrective,,,SHREECEM
2025-10-15 12:00:00+05:30,BUY,29835.0,29787.5,29930.0,2.0,2.1052631578947367,0.8,4,pullback,pullback,corrective,,,SHREECEM
2025-10-15 12:30:00+05:30,SELL,29930.0,29955.0,29880.0,2.0,4.0,0.8,5,pullback,pullback,corrective,,,SHREECEM
2025-10-15 12:45:00+05:30,BUY,29880.0,29802.5,30035.0,2.0,1.2903225806451613,0.8,6,pullback,pullback,corrective,,,SHREECEM
2025-10-15 13:45:00+05:30,SELL,30035.0,30185.175,29549.0337,3.236000000000016,0.6658897952388911,0.8,7,pullback,pullback,corrective,,,SHREECEM
2025-10-15 14:30:00+05:30,SELL,30095.0,30245.475,29608.0629,3.236000000000026,0.66456221963782,0.8,8,pullback,pullback,corrective,,,SHREECEM
