signal_time,side,entry,stop_loss,take_profit,rr,position_size,confidence,wave_label,note,entry_type,wave_type,confirmed,confirm_reasons,trading_symbol
2025-10-15 11:15:00+05:30,SELL,173.6300048828125,173.67000579833984,173.5500030517578,2.0,2499.942780850658,0.8,1,pullback,pullback,corrective,,,TATASTEEL
2025-10-15 11:45:00+05:30,BUY,173.5500030517578,173.4250030517578,173.8000030517578,2.0,800.0,0.8,2,pullback,pullback,corrective,,,TATASTEEL
2025-10-15 12:15:00+05:30,SELL,173.8000030517578,174.0300064086914,173.33999633789062,2.0,434.7762629780741,0.8,3,pullback,pullback,corrective,,,TATASTEEL
2025-10-15 13:00:00+05:30,BUY,173.33999633789062,173.20999145507812,173.60000610351562,2.0,769.2018779342723,0.8,4,pullback,pullback,corrective,,,TATASTEEL
2025-10-15 13:15:00+05:30,SELL,173.60000610351562,173.6100082397461,173.5800018310547,2.0,9997.864225781846,0.8,5,pullback,pullback,corrective,,,TATASTEEL
2025-10-15 14:00:00+05:30,SELL,173.41000366210938,173.6100082397461,173.5800018310547,,,0.95,5,breakout,breakout,corrective,,,TATASTEEL
2025-10-15 13:30:00+05:30,BUY,173.5800018310547,173.56999969482422,173.60000610351562,2.0,9997.864225781846,0.8,6,pullback,pullback,corrective,,,TATASTEEL
2025-10-15 13:45:00+05:30,SELL,173.60000610351562,173.7150115966797,173.3699951171875,2.0,869.5236831630622,0.8,7,pullback,pullback,corrective,,,TATASTEEL
2025-10-15 14:45:00+05:30,SELL,173.27999877929688,173.7150115966797,173.3699951171875,,,0.95,7,breakout,breakout,corrective,,,TATASTEEL
2025-10-15 14:15:00+05:30,BUY,173.3699951171875,173.30499267578125,173.5,2.0,1538.4037558685445,0.8,8,pullback,pullback,corrective,,,TATASTEEL
2025-10-15 14:30:00+05:30,SELL,173.5,174.3675,170.69277,3.2359999999999793,115.27377521613742,0.8,9,pullback,pullback,corrective,,,TATASTEEL
