signal_time,side,entry,stop_loss,take_profit,rr,position_size,confidence,wave_label,note,entry_type,wave_type,confirmed,confirm_reasons,trading_symbol
2025-10-15 09:30:00+05:30,SELL,12182.0,12189.5,12167.0,2.0,13.333333333333334,0.8,1,pullback,pullback,corrective,,,ULTRACEMCO
2025-10-15 09:45:00+05:30,BUY,12167.0,12155.0,12191.0,2.0,8.333333333333334,0.8,2,pullback,pullback,corrective,,,ULTRACEMCO
2025-10-15 10:30:00+05:30,BUY,12192.0,12155.0,12191.0,,,0.95,2,breakout,breakout,corrective,,,ULTRACEMCO
2025-10-15 10:00:00+05:30,SELL,12191.0,12193.5,12186.0,2.0,40.0,0.8,3,pullback,pullback,corrective,,,ULTRACEMCO
2025-10-15 10:15:00+05:30,BUY,12186.0,12180.0,12198.0,2.0,16.666666666666668,0.8,4,pullback,pullback,corrective,,,ULTRACEMCO
2025-10-15 11:15:00+05:30,BUY,12203.0,12180.0,12198.0,,,0.95,4,breakout,breakout,corrective,,,ULTRACEMCO
2025-10-15 10:45:00+05:30,SELL,12198.0,12204.0,12186.0,2.0,16.666666666666668,0.8,5,pullback,pullback,corrective,,,ULTRACEMCO
2025-10-15 11:00:00+05:30,BUY,12186.0,12177.5,12203.0,2.0,11.764705882352942,0.8,6,pullback,pullback,corrective,,,ULTRACEMCO
2025-10-15 12:00:00+05:30,BUY,12205.0,12177.5,12203.0,,,0.95,6,breakout,breakout,corrective,,,ULTRACEMCO
2025-10-15 11:15:00+05:30,SELL,12203.0,12205.5,12198.0,2.0,40.0,0.8,7,pullback,pullback,corrective,,,ULTRACEMCO
2025-10-15 11:45:00+05:30,BUY,12198.0,12151.5,12291.0,2.0,2.150537634408602,0.8,8,pullback,pullback,corrective,,,ULTRACEMCO
2025-10-15 13:15:00+05:30,SELL,12291.0,12295.0,12283.0,2.0,25.0,0.8,9,pullback,pullback,corrective,,,ULTRACEMCO
2025-10-15 13:30:00+05:30,BUY,12283.0,12271.0,12307.0,2.0,8.333333333333334,0.8,10,pullback,pullback,corrective,,,ULTRACEMCO
2025-10-15 14:30:00+05:30,SELL,12307.0,12368.535,12107.87274,3.235999999999996,1.6250914113918946,0.8,11,pullback,pullback,corrective,,,ULTRACEMCO
