actionable_index,skip_reason
0,insufficient_cash
1,insufficient_cash
2,insufficient_cash
3,insufficient_cash
4,insufficient_cash
5,insufficient_cash
6,insufficient_cash
7,insufficient_cash
8,insufficient_cash
9,insufficient_cash
10,insufficient_cash
11,insufficient_cash
12,insufficient_cash
13,insufficient_cash
14,insufficient_cash
15,insufficient_cash
16,insufficient_cash
17,insufficient_cash
18,insufficient_cash
19,insufficient_cash
20,insufficient_cash
21,insufficient_cash
22,insufficient_cash
23,insufficient_cash
24,insufficient_cash
25,insufficient_cash
26,insufficient_cash
27,insufficient_cash
28,insufficient_cash
29,insufficient_cash
30,insufficient_cash
31,insufficient_cash
32,insufficient_cash
33,insufficient_cash
34,insufficient_cash
35,insufficient_cash
36,insufficient_cash
37,insufficient_cash
38,insufficient_cash
39,insufficient_cash
40,insufficient_cash
41,insufficient_cash
42,insufficient_cash
43,insufficient_cash
44,insufficient_cash
45,insufficient_cash
46,insufficient_cash
47,insufficient_cash
48,insufficient_cash
49,insufficient_cash
50,insufficient_cash
51,insufficient_cash
52,insufficient_cash
53,insufficient_cash
54,insufficient_cash
55,insufficient_cash
56,insufficient_cash
57,insufficient_cash
58,insufficient_cash
59,insufficient_cash
60,insufficient_cash
61,insufficient_cash
62,insufficient_cash
63,insufficient_cash
64,insufficient_cash
65,insufficient_cash
66,insufficient_cash
67,insufficient_cash
68,insufficient_cash
69,insufficient_cash
70,insufficient_cash
71,insufficient_cash
72,insufficient_cash
73,insufficient_cash
74,insufficient_cash
75,insufficient_cash
76,insufficient_cash
77,insufficient_cash
78,insufficient_cash
79,insufficient_cash
80,insufficient_cash
81,insufficient_cash
82,insufficient_cash
83,insufficient_cash
84,insufficient_cash
85,insufficient_cash
86,insufficient_cash
87,insufficient_cash
88,insufficient_cash
89,insufficient_cash
90,insufficient_cash
91,insufficient_cash
92,insufficient_cash
93,insufficient_cash
94,insufficient_cash
95,insufficient_cash
96,insufficient_cash
97,insufficient_cash
98,insufficient_cash
99,insufficient_cash
100,insufficient_cash
101,insufficient_cash
102,insufficient_cash
103,insufficient_cash
104,insufficient_cash
105,insufficient_cash
106,insufficient_cash
107,insufficient_cash
108,insufficient_cash
109,insufficient_cash
110,insufficient_cash
111,insufficient_cash
112,insufficient_cash
113,insufficient_cash
114,insufficient_cash
115,insufficient_cash
116,insufficient_cash
117,insufficient_cash
118,insufficient_cash
119,insufficient_cash
120,insufficient_cash
121,insufficient_cash
122,insufficient_cash
123,insufficient_cash
124,insufficient_cash
125,insufficient_cash
126,insufficient_cash
127,insufficient_cash
128,insufficient_cash
129,insufficient_cash
130,insufficient_cash
131,insufficient_cash
132,insufficient_cash
133,insufficient_cash
134,insufficient_cash
135,insufficient_cash
136,insufficient_cash
137,insufficient_cash
138,insufficient_cash
139,insufficient_cash
140,insufficient_cash
141,insufficient_cash
142,insufficient_cash
143,insufficient_cash
144,insufficient_cash
145,insufficient_cash
146,insufficient_cash
147,insufficient_cash
148,insufficient_cash
149,insufficient_cash
150,insufficient_cash
151,insufficient_cash
152,insufficient_cash
153,insufficient_cash
154,insufficient_cash
155,insufficient_cash
156,insufficient_cash
157,insufficient_cash
158,insufficient_cash
159,insufficient_cash
160,insufficient_cash
161,insufficient_cash
162,insufficient_cash
163,insufficient_cash
164,insufficient_cash
165,insufficient_cash
166,insufficient_cash
167,insufficient_cash
168,insufficient_cash
169,insufficient_cash
170,insufficient_cash
171,insufficient_cash
172,insufficient_cash
173,insufficient_cash
174,insufficient_cash
175,insufficient_cash
176,insufficient_cash
177,insufficient_cash
178,insufficient_cash
179,insufficient_cash
180,insufficient_cash
181,insufficient_cash
182,insufficient_cash
183,insufficient_cash
184,insufficient_cash
185,insufficient_cash
186,insufficient_cash
187,insufficient_cash
188,insufficient_cash
189,insufficient_cash
190,insufficient_cash
191,insufficient_cash
192,insufficient_cash
193,insufficient_cash
194,insufficient_cash
195,insufficient_cash
196,insufficient_cash
197,insufficient_cash
198,insufficient_cash
199,insufficient_cash
200,insufficient_cash
201,insufficient_cash
202,insufficient_cash
203,insufficient_cash
204,insufficient_cash
205,insufficient_cash
206,insufficient_cash
207,insufficient_cash
208,insufficient_cash
209,insufficient_cash
210,insufficient_cash
211,insufficient_cash
212,insufficient_cash
213,insufficient_cash
214,insufficient_cash
215,insufficient_cash
216,insufficient_cash
217,insufficient_cash
218,insufficient_cash
219,insufficient_cash
220,insufficient_cash
221,insufficient_cash
222,insufficient_cash
223,insufficient_cash
224,insufficient_cash
225,insufficient_cash
226,insufficient_cash
227,insufficient_cash
228,insufficient_cash
229,insufficient_cash
230,insufficient_cash
231,insufficient_cash
232,insufficient_cash
233,insufficient_cash
234,insufficient_cash
235,insufficient_cash
236,insufficient_cash
237,insufficient_cash
238,insufficient_cash
239,insufficient_cash
240,insufficient_cash
241,insufficient_cash
242,insufficient_cash
243,insufficient_cash
244,insufficient_cash
245,insufficient_cash
246,insufficient_cash
247,insufficient_cash
248,insufficient_cash
249,insufficient_cash
250,insufficient_cash
251,insufficient_cash
252,insufficient_cash
253,insufficient_cash
254,insufficient_cash
255,insufficient_cash
256,insufficient_cash
257,insufficient_cash
258,insufficient_cash
259,insufficient_cash
260,insufficient_cash
261,insufficient_cash
262,insufficient_cash
263,insufficient_cash
264,insufficient_cash
265,insufficient_cash
266,insufficient_cash
267,insufficient_cash
268,insufficient_cash
269,insufficient_cash
270,insufficient_cash
271,insufficient_cash
272,insufficient_cash
273,insufficient_cash
274,insufficient_cash
275,insufficient_cash
276,insufficient_cash
277,insufficient_cash
278,insufficient_cash
279,insufficient_cash
280,insufficient_cash
281,insufficient_cash
282,insufficient_cash
283,insufficient_cash
284,insufficient_cash
285,insufficient_cash
286,insufficient_cash
287,insufficient_cash
288,insufficient_cash
289,insufficient_cash
290,insufficient_cash
291,insufficient_cash
292,insufficient_cash
293,insufficient_cash
294,insufficient_cash
295,insufficient_cash
296,insufficient_cash
297,insufficient_cash
298,insufficient_cash
299,insufficient_cash
300,insufficient_cash
301,insufficient_cash
302,insufficient_cash
303,insufficient_cash
304,insufficient_cash
305,insufficient_cash
306,insufficient_cash
307,insufficient_cash
308,insufficient_cash
309,insufficient_cash
310,insufficient_cash
311,insufficient_cash
312,insufficient_cash
313,insufficient_cash
314,insufficient_cash
315,insufficient_cash
316,insufficient_cash
317,insufficient_cash
318,insufficient_cash
319,insufficient_cash
320,insufficient_cash
321,insufficient_cash
322,insufficient_cash
323,insufficient_cash
324,insufficient_cash
325,insufficient_cash
326,insufficient_cash
327,insufficient_cash
328,insufficient_cash
329,insufficient_cash
330,insufficient_cash
331,insufficient_cash
332,insufficient_cash
333,insufficient_cash
334,insufficient_cash
335,insufficient_cash
336,insufficient_cash
337,insufficient_cash
338,insufficient_cash
339,insufficient_cash
340,insufficient_cash
341,insufficient_cash
342,insufficient_cash
343,insufficient_cash
344,insufficient_cash
345,insufficient_cash
346,insufficient_cash
347,insufficient_cash
348,insufficient_cash
349,insufficient_cash
350,insufficient_cash
351,insufficient_cash
352,insufficient_cash
353,insufficient_cash
354,insufficient_cash
355,insufficient_cash
356,insufficient_cash
357,insufficient_cash
358,insufficient_cash
359,insufficient_cash
360,insufficient_cash
361,insufficient_cash
362,insufficient_cash
363,insufficient_cash
364,insufficient_cash
365,insufficient_cash
366,insufficient_cash
367,insufficient_cash
368,insufficient_cash
369,insufficient_cash
370,insufficient_cash
371,insufficient_cash
372,insufficient_cash
373,insufficient_cash
374,insufficient_cash
375,insufficient_cash
376,insufficient_cash
377,insufficient_cash
378,insufficient_cash
379,insufficient_cash
380,insufficient_cash
381,insufficient_cash
382,insufficient_cash
383,insufficient_cash
384,insufficient_cash
385,insufficient_cash
386,insufficient_cash
387,insufficient_cash
388,insufficient_cash
389,insufficient_cash
390,insufficient_cash
391,insufficient_cash
392,insufficient_cash
393,insufficient_cash
394,insufficient_cash
395,insufficient_cash
396,insufficient_cash
397,insufficient_cash
398,insufficient_cash
399,insufficient_cash
400,insufficient_cash
401,insufficient_cash
402,insufficient_cash
403,insufficient_cash
404,insufficient_cash
405,insufficient_cash
406,insufficient_cash
407,insufficient_cash
408,insufficient_cash
409,insufficient_cash
410,insufficient_cash
411,insufficient_cash
412,insufficient_cash
413,insufficient_cash
414,insufficient_cash
415,insufficient_cash
416,insufficient_cash
417,insufficient_cash
418,insufficient_cash
419,insufficient_cash
420,insufficient_cash
421,insufficient_cash
422,insufficient_cash
423,insufficient_cash
424,insufficient_cash
425,insufficient_cash
426,insufficient_cash
427,insufficient_cash
428,insufficient_cash
429,insufficient_cash
430,insufficient_cash
431,insufficient_cash
432,insufficient_cash
433,insufficient_cash
434,insufficient_cash
435,insufficient_cash
436,insufficient_cash
437,insufficient_cash
438,insufficient_cash
439,insufficient_cash
440,insufficient_cash
441,insufficient_cash
442,insufficient_cash
443,insufficient_cash
444,insufficient_cash
445,insufficient_cash
446,insufficient_cash
447,insufficient_cash
448,insufficient_cash
449,insufficient_cash
450,insufficient_cash
451,insufficient_cash
452,insufficient_cash
453,insufficient_cash
454,insufficient_cash
455,insufficient_cash
456,insufficient_cash
457,insufficient_cash
458,insufficient_cash
459,insufficient_cash
460,insufficient_cash
461,insufficient_cash
462,insufficient_cash
463,insufficient_cash
464,insufficient_cash
465,insufficient_cash
466,insufficient_cash
467,insufficient_cash
468,insufficient_cash
469,insufficient_cash
470,insufficient_cash
471,insufficient_cash
472,insufficient_cash
473,insufficient_cash
474,insufficient_cash
475,insufficient_cash
